Refreshing checks status every 60 seconds. Press Ctrl+C to quit.

C8 caller-context allowlist check	pass	15s	https://github.com/alphaonedev/ai-memory-mcp/actions/runs/29683124756/job/88182710683	
Classify changes	pass	5s	https://github.com/alphaonedev/ai-memory-mcp/actions/runs/29683124745/job/88182710625	
Cloud-init ASCII gate	pass	8s	https://github.com/alphaonedev/ai-memory-mcp/actions/runs/29683124756/job/88182710712	
Coverage classify (docs-only short-circuit)	pass	8s	https://github.com/alphaonedev/ai-memory-mcp/actions/runs/29683124762/job/88182710621	
Docs vs SSOT drift gate	pass	8s	https://github.com/alphaonedev/ai-memory-mcp/actions/runs/29683124756/job/88182710714	
Hardcoded-literal duplication ratchet (pm-v3.1)	pass	16s	https://github.com/alphaonedev/ai-memory-mcp/actions/runs/29683124756/job/88182710711	
L3-boundary perma-ban gate (§25.3 S5 / RQ-10	pass	8s	https://github.com/alphaonedev/ai-memory-mcp/actions/runs/29683124756/job/88182710680	
MSRV (Rust 1.96)	pending	0	https://github.com/alphaonedev/ai-memory-mcp/actions/runs/29683124745/job/88182721529	
Lint (fmt + clippy)	pending	0	https://github.com/alphaonedev/ai-memory-mcp/actions/runs/29683124745/job/88182721521	
Check (macos-latest)	pending	0	https://github.com/alphaonedev/ai-memory-mcp/actions/runs/29683124745/job/88182721561	
actionlint (workflow-injection guard)	pass	11s	https://github.com/alphaonedev/ai-memory-mcp/actions/runs/29683124745/job/88182721538	
Test-env $HOME-lock gate (#2146)	pass	12s	https://github.com/alphaonedev/ai-memory-mcp/actions/runs/29683124756/job/88182710669	
Regenerate bench baseline (ubuntu-latest, median-of-3)	skipping	0	https://github.com/alphaonedev/ai-memory-mcp/actions/runs/29683124777/job/88182710934	
Cross-compile (aarch64-linux-android)	pending	0	https://github.com/alphaonedev/ai-memory-mcp/actions/runs/29683124745/job/88182721563	
Migration-ladder-uniqueness gate (guardrail-D)	pass	12s	https://github.com/alphaonedev/ai-memory-mcp/actions/runs/29683124756/job/88182710715	
Cross-compile (aarch64-apple-ios)	pending	0	https://github.com/alphaonedev/ai-memory-mcp/actions/runs/29683124745/job/88182721547	
Dockerfile build (no push)	pending	0	https://github.com/alphaonedev/ai-memory-mcp/actions/runs/29683124745/job/88182721541	
Check (ubuntu-latest)	pending	0	https://github.com/alphaonedev/ai-memory-mcp/actions/runs/29683124745/job/88182721571	
Check (windows-latest)	pending	0	https://github.com/alphaonedev/ai-memory-mcp/actions/runs/29683124745/job/88182721569	
Vendor-monoculture + SECS_PER_* lint-gate (#1174 PR10)	pass	18s	https://github.com/alphaonedev/ai-memory-mcp/actions/runs/29683124756/job/88182710672	
Test-reachable stdin-read gate (#1989)	pass	23s	https://github.com/alphaonedev/ai-memory-mcp/actions/runs/29683124756/job/88182710704	
tool-count grep gate	pass	8s	https://github.com/alphaonedev/ai-memory-mcp/actions/runs/29683124806/job/88182710725	
Per-Module Coverage Thresholds	pending	0	https://github.com/alphaonedev/ai-memory-mcp/actions/runs/29683124762/job/88182725042	
Postgres feature gate	pending	0	https://github.com/alphaonedev/ai-memory-mcp/actions/runs/29683124745/job/88182721517	
SAL-only feature gate	pending	0	https://github.com/alphaonedev/ai-memory-mcp/actions/runs/29683124745/job/88182721552	
ai-memory bench (ubuntu-latest)	pending	0	https://github.com/alphaonedev/ai-memory-mcp/actions/runs/29683124777/job/88182710694	
Refreshing checks status every 60 seconds. Press Ctrl+C to quit.

C8 caller-context allowlist check	pass	15s	https://github.com/alphaonedev/ai-memory-mcp/actions/runs/29683124756/job/88182710683	
Classify changes	pass	5s	https://github.com/alphaonedev/ai-memory-mcp/actions/runs/29683124745/job/88182710625	
Cloud-init ASCII gate	pass	8s	https://github.com/alphaonedev/ai-memory-mcp/actions/runs/29683124756/job/88182710712	
Coverage classify (docs-only short-circuit)	pass	8s	https://github.com/alphaonedev/ai-memory-mcp/actions/runs/29683124762/job/88182710621	
Cross-compile (aarch64-apple-ios)	pass	1m42s	https://github.com/alphaonedev/ai-memory-mcp/actions/runs/29683124745/job/88182721547	
Cross-compile (aarch64-linux-android)	pass	1m39s	https://github.com/alphaonedev/ai-memory-mcp/actions/runs/29683124745/job/88182721563	
Docs vs SSOT drift gate	pass	8s	https://github.com/alphaonedev/ai-memory-mcp/actions/runs/29683124756/job/88182710714	
Hardcoded-literal duplication ratchet (pm-v3.1)	pass	16s	https://github.com/alphaonedev/ai-memory-mcp/actions/runs/29683124756/job/88182710711	
L3-boundary perma-ban gate (§25.3 S5 / RQ-10	pass	8s	https://github.com/alphaonedev/ai-memory-mcp/actions/runs/29683124756/job/88182710680	
Lint (fmt + clippy)	pending	0	https://github.com/alphaonedev/ai-memory-mcp/actions/runs/29683124745/job/88182721521	
actionlint (workflow-injection guard)	pass	11s	https://github.com/alphaonedev/ai-memory-mcp/actions/runs/29683124745/job/88182721538	
MSRV (Rust 1.96)	pass	1m31s	https://github.com/alphaonedev/ai-memory-mcp/actions/runs/29683124745/job/88182721529	
Regenerate bench baseline (ubuntu-latest, median-of-3)	skipping	0	https://github.com/alphaonedev/ai-memory-mcp/actions/runs/29683124777/job/88182710934	
Check (macos-latest)	pending	0	https://github.com/alphaonedev/ai-memory-mcp/actions/runs/29683124745/job/88182721561	
Migration-ladder-uniqueness gate (guardrail-D)	pass	12s	https://github.com/alphaonedev/ai-memory-mcp/actions/runs/29683124756/job/88182710715	
Test-env $HOME-lock gate (#2146)	pass	12s	https://github.com/alphaonedev/ai-memory-mcp/actions/runs/29683124756/job/88182710669	
Dockerfile build (no push)	pending	0	https://github.com/alphaonedev/ai-memory-mcp/actions/runs/29683124745/job/88182721541	
Check (ubuntu-latest)	pending	0	https://github.com/alphaonedev/ai-memory-mcp/actions/runs/29683124745/job/88182721571	
Check (windows-latest)	pending	0	https://github.com/alphaonedev/ai-memory-mcp/actions/runs/29683124745/job/88182721569	
Vendor-monoculture + SECS_PER_* lint-gate (#1174 PR10)	pass	18s	https://github.com/alphaonedev/ai-memory-mcp/actions/runs/29683124756/job/88182710672	
Test-reachable stdin-read gate (#1989)	pass	23s	https://github.com/alphaonedev/ai-memory-mcp/actions/runs/29683124756/job/88182710704	
tool-count grep gate	pass	8s	https://github.com/alphaonedev/ai-memory-mcp/actions/runs/29683124806/job/88182710725	
Per-Module Coverage Thresholds	pending	0	https://github.com/alphaonedev/ai-memory-mcp/actions/runs/29683124762/job/88182725042	
Postgres feature gate	pending	0	https://github.com/alphaonedev/ai-memory-mcp/actions/runs/29683124745/job/88182721517	
SAL-only feature gate	pending	0	https://github.com/alphaonedev/ai-memory-mcp/actions/runs/29683124745/job/88182721552	
ai-memory bench (ubuntu-latest)	pending	0	https://github.com/alphaonedev/ai-memory-mcp/actions/runs/29683124777/job/88182710694	
Refreshing checks status every 60 seconds. Press Ctrl+C to quit.

Check (macos-latest)	pending	0	https://github.com/alphaonedev/ai-memory-mcp/actions/runs/29683124745/job/88182721561	
Check (ubuntu-latest)	pending	0	https://github.com/alphaonedev/ai-memory-mcp/actions/runs/29683124745/job/88182721571	
Check (windows-latest)	pending	0	https://github.com/alphaonedev/ai-memory-mcp/actions/runs/29683124745/job/88182721569	
Dockerfile build (no push)	pending	0	https://github.com/alphaonedev/ai-memory-mcp/actions/runs/29683124745/job/88182721541	
Per-Module Coverage Thresholds	pending	0	https://github.com/alphaonedev/ai-memory-mcp/actions/runs/29683124762/job/88182725042	
Postgres feature gate	pending	0	https://github.com/alphaonedev/ai-memory-mcp/actions/runs/29683124745/job/88182721517	
SAL-only feature gate	pending	0	https://github.com/alphaonedev/ai-memory-mcp/actions/runs/29683124745/job/88182721552	
ai-memory bench (ubuntu-latest)	pending	0	https://github.com/alphaonedev/ai-memory-mcp/actions/runs/29683124777/job/88182710694	
Cross-compile (aarch64-apple-ios)	pass	1m42s	https://github.com/alphaonedev/ai-memory-mcp/actions/runs/29683124745/job/88182721547	
Regenerate bench baseline (ubuntu-latest, median-of-3)	skipping	0	https://github.com/alphaonedev/ai-memory-mcp/actions/runs/29683124777/job/88182710934	
Cloud-init ASCII gate	pass	8s	https://github.com/alphaonedev/ai-memory-mcp/actions/runs/29683124756/job/88182710712	
C8 caller-context allowlist check	pass	15s	https://github.com/alphaonedev/ai-memory-mcp/actions/runs/29683124756/job/88182710683	
Classify changes	pass	5s	https://github.com/alphaonedev/ai-memory-mcp/actions/runs/29683124745/job/88182710625	
Coverage classify (docs-only short-circuit)	pass	8s	https://github.com/alphaonedev/ai-memory-mcp/actions/runs/29683124762/job/88182710621	
Cross-compile (aarch64-linux-android)	pass	1m39s	https://github.com/alphaonedev/ai-memory-mcp/actions/runs/29683124745/job/88182721563	
Docs vs SSOT drift gate	pass	8s	https://github.com/alphaonedev/ai-memory-mcp/actions/runs/29683124756/job/88182710714	
Hardcoded-literal duplication ratchet (pm-v3.1)	pass	16s	https://github.com/alphaonedev/ai-memory-mcp/actions/runs/29683124756/job/88182710711	
L3-boundary perma-ban gate (§25.3 S5 / RQ-10	pass	8s	https://github.com/alphaonedev/ai-memory-mcp/actions/runs/29683124756/job/88182710680	
Lint (fmt + clippy)	pass	2m27s	https://github.com/alphaonedev/ai-memory-mcp/actions/runs/29683124745/job/88182721521	
MSRV (Rust 1.96)	pass	1m31s	https://github.com/alphaonedev/ai-memory-mcp/actions/runs/29683124745/job/88182721529	
Migration-ladder-uniqueness gate (guardrail-D)	pass	12s	https://github.com/alphaonedev/ai-memory-mcp/actions/runs/29683124756/job/88182710715	
Test-env $HOME-lock gate (#2146)	pass	12s	https://github.com/alphaonedev/ai-memory-mcp/actions/runs/29683124756/job/88182710669	
Test-reachable stdin-read gate (#1989)	pass	23s	https://github.com/alphaonedev/ai-memory-mcp/actions/runs/29683124756/job/88182710704	
Vendor-monoculture + SECS_PER_* lint-gate (#1174 PR10)	pass	18s	https://github.com/alphaonedev/ai-memory-mcp/actions/runs/29683124756/job/88182710672	
actionlint (workflow-injection guard)	pass	11s	https://github.com/alphaonedev/ai-memory-mcp/actions/runs/29683124745/job/88182721538	
tool-count grep gate	pass	8s	https://github.com/alphaonedev/ai-memory-mcp/actions/runs/29683124806/job/88182710725	
Refreshing checks status every 60 seconds. Press Ctrl+C to quit.

Check (macos-latest)	pending	0	https://github.com/alphaonedev/ai-memory-mcp/actions/runs/29683124745/job/88182721561	
Check (ubuntu-latest)	pending	0	https://github.com/alphaonedev/ai-memory-mcp/actions/runs/29683124745/job/88182721571	
Check (windows-latest)	pending	0	https://github.com/alphaonedev/ai-memory-mcp/actions/runs/29683124745/job/88182721569	
Dockerfile build (no push)	pending	0	https://github.com/alphaonedev/ai-memory-mcp/actions/runs/29683124745/job/88182721541	
Per-Module Coverage Thresholds	pending	0	https://github.com/alphaonedev/ai-memory-mcp/actions/runs/29683124762/job/88182725042	
Postgres feature gate	pending	0	https://github.com/alphaonedev/ai-memory-mcp/actions/runs/29683124745/job/88182721517	
SAL-only feature gate	pending	0	https://github.com/alphaonedev/ai-memory-mcp/actions/runs/29683124745/job/88182721552	
ai-memory bench (ubuntu-latest)	pending	0	https://github.com/alphaonedev/ai-memory-mcp/actions/runs/29683124777/job/88182710694	
Cross-compile (aarch64-apple-ios)	pass	1m42s	https://github.com/alphaonedev/ai-memory-mcp/actions/runs/29683124745/job/88182721547	
Regenerate bench baseline (ubuntu-latest, median-of-3)	skipping	0	https://github.com/alphaonedev/ai-memory-mcp/actions/runs/29683124777/job/88182710934	
Cloud-init ASCII gate	pass	8s	https://github.com/alphaonedev/ai-memory-mcp/actions/runs/29683124756/job/88182710712	
C8 caller-context allowlist check	pass	15s	https://github.com/alphaonedev/ai-memory-mcp/actions/runs/29683124756/job/88182710683	
Classify changes	pass	5s	https://github.com/alphaonedev/ai-memory-mcp/actions/runs/29683124745/job/88182710625	
Coverage classify (docs-only short-circuit)	pass	8s	https://github.com/alphaonedev/ai-memory-mcp/actions/runs/29683124762/job/88182710621	
Cross-compile (aarch64-linux-android)	pass	1m39s	https://github.com/alphaonedev/ai-memory-mcp/actions/runs/29683124745/job/88182721563	
Docs vs SSOT drift gate	pass	8s	https://github.com/alphaonedev/ai-memory-mcp/actions/runs/29683124756/job/88182710714	
Hardcoded-literal duplication ratchet (pm-v3.1)	pass	16s	https://github.com/alphaonedev/ai-memory-mcp/actions/runs/29683124756/job/88182710711	
L3-boundary perma-ban gate (§25.3 S5 / RQ-10	pass	8s	https://github.com/alphaonedev/ai-memory-mcp/actions/runs/29683124756/job/88182710680	
Lint (fmt + clippy)	pass	2m27s	https://github.com/alphaonedev/ai-memory-mcp/actions/runs/29683124745/job/88182721521	
MSRV (Rust 1.96)	pass	1m31s	https://github.com/alphaonedev/ai-memory-mcp/actions/runs/29683124745/job/88182721529	
Migration-ladder-uniqueness gate (guardrail-D)	pass	12s	https://github.com/alphaonedev/ai-memory-mcp/actions/runs/29683124756/job/88182710715	
Test-env $HOME-lock gate (#2146)	pass	12s	https://github.com/alphaonedev/ai-memory-mcp/actions/runs/29683124756/job/88182710669	
Test-reachable stdin-read gate (#1989)	pass	23s	https://github.com/alphaonedev/ai-memory-mcp/actions/runs/29683124756/job/88182710704	
Vendor-monoculture + SECS_PER_* lint-gate (#1174 PR10)	pass	18s	https://github.com/alphaonedev/ai-memory-mcp/actions/runs/29683124756/job/88182710672	
actionlint (workflow-injection guard)	pass	11s	https://github.com/alphaonedev/ai-memory-mcp/actions/runs/29683124745/job/88182721538	
tool-count grep gate	pass	8s	https://github.com/alphaonedev/ai-memory-mcp/actions/runs/29683124806/job/88182710725	
Refreshing checks status every 60 seconds. Press Ctrl+C to quit.

Check (macos-latest)	pending	0	https://github.com/alphaonedev/ai-memory-mcp/actions/runs/29683124745/job/88182721561	
Check (ubuntu-latest)	pending	0	https://github.com/alphaonedev/ai-memory-mcp/actions/runs/29683124745/job/88182721571	
Check (windows-latest)	pending	0	https://github.com/alphaonedev/ai-memory-mcp/actions/runs/29683124745/job/88182721569	
Dockerfile build (no push)	pending	0	https://github.com/alphaonedev/ai-memory-mcp/actions/runs/29683124745/job/88182721541	
Per-Module Coverage Thresholds	pending	0	https://github.com/alphaonedev/ai-memory-mcp/actions/runs/29683124762/job/88182725042	
Postgres feature gate	pending	0	https://github.com/alphaonedev/ai-memory-mcp/actions/runs/29683124745/job/88182721517	
SAL-only feature gate	pending	0	https://github.com/alphaonedev/ai-memory-mcp/actions/runs/29683124745/job/88182721552	
ai-memory bench (ubuntu-latest)	pending	0	https://github.com/alphaonedev/ai-memory-mcp/actions/runs/29683124777/job/88182710694	
Cross-compile (aarch64-apple-ios)	pass	1m42s	https://github.com/alphaonedev/ai-memory-mcp/actions/runs/29683124745/job/88182721547	
Regenerate bench baseline (ubuntu-latest, median-of-3)	skipping	0	https://github.com/alphaonedev/ai-memory-mcp/actions/runs/29683124777/job/88182710934	
Cloud-init ASCII gate	pass	8s	https://github.com/alphaonedev/ai-memory-mcp/actions/runs/29683124756/job/88182710712	
C8 caller-context allowlist check	pass	15s	https://github.com/alphaonedev/ai-memory-mcp/actions/runs/29683124756/job/88182710683	
Classify changes	pass	5s	https://github.com/alphaonedev/ai-memory-mcp/actions/runs/29683124745/job/88182710625	
Coverage classify (docs-only short-circuit)	pass	8s	https://github.com/alphaonedev/ai-memory-mcp/actions/runs/29683124762/job/88182710621	
Cross-compile (aarch64-linux-android)	pass	1m39s	https://github.com/alphaonedev/ai-memory-mcp/actions/runs/29683124745/job/88182721563	
Docs vs SSOT drift gate	pass	8s	https://github.com/alphaonedev/ai-memory-mcp/actions/runs/29683124756/job/88182710714	
Hardcoded-literal duplication ratchet (pm-v3.1)	pass	16s	https://github.com/alphaonedev/ai-memory-mcp/actions/runs/29683124756/job/88182710711	
L3-boundary perma-ban gate (§25.3 S5 / RQ-10	pass	8s	https://github.com/alphaonedev/ai-memory-mcp/actions/runs/29683124756/job/88182710680	
Lint (fmt + clippy)	pass	2m27s	https://github.com/alphaonedev/ai-memory-mcp/actions/runs/29683124745/job/88182721521	
MSRV (Rust 1.96)	pass	1m31s	https://github.com/alphaonedev/ai-memory-mcp/actions/runs/29683124745/job/88182721529	
Migration-ladder-uniqueness gate (guardrail-D)	pass	12s	https://github.com/alphaonedev/ai-memory-mcp/actions/runs/29683124756/job/88182710715	
Test-env $HOME-lock gate (#2146)	pass	12s	https://github.com/alphaonedev/ai-memory-mcp/actions/runs/29683124756/job/88182710669	
Test-reachable stdin-read gate (#1989)	pass	23s	https://github.com/alphaonedev/ai-memory-mcp/actions/runs/29683124756/job/88182710704	
Vendor-monoculture + SECS_PER_* lint-gate (#1174 PR10)	pass	18s	https://github.com/alphaonedev/ai-memory-mcp/actions/runs/29683124756/job/88182710672	
actionlint (workflow-injection guard)	pass	11s	https://github.com/alphaonedev/ai-memory-mcp/actions/runs/29683124745/job/88182721538	
tool-count grep gate	pass	8s	https://github.com/alphaonedev/ai-memory-mcp/actions/runs/29683124806/job/88182710725	
Refreshing checks status every 60 seconds. Press Ctrl+C to quit.

Check (macos-latest)	pending	0	https://github.com/alphaonedev/ai-memory-mcp/actions/runs/29683124745/job/88182721561	
Check (ubuntu-latest)	pending	0	https://github.com/alphaonedev/ai-memory-mcp/actions/runs/29683124745/job/88182721571	
Check (windows-latest)	pending	0	https://github.com/alphaonedev/ai-memory-mcp/actions/runs/29683124745/job/88182721569	
Dockerfile build (no push)	pending	0	https://github.com/alphaonedev/ai-memory-mcp/actions/runs/29683124745/job/88182721541	
Per-Module Coverage Thresholds	pending	0	https://github.com/alphaonedev/ai-memory-mcp/actions/runs/29683124762/job/88182725042	
Postgres feature gate	pending	0	https://github.com/alphaonedev/ai-memory-mcp/actions/runs/29683124745/job/88182721517	
SAL-only feature gate	pending	0	https://github.com/alphaonedev/ai-memory-mcp/actions/runs/29683124745/job/88182721552	
ai-memory bench (ubuntu-latest)	pending	0	https://github.com/alphaonedev/ai-memory-mcp/actions/runs/29683124777/job/88182710694	
Cross-compile (aarch64-apple-ios)	pass	1m42s	https://github.com/alphaonedev/ai-memory-mcp/actions/runs/29683124745/job/88182721547	
Regenerate bench baseline (ubuntu-latest, median-of-3)	skipping	0	https://github.com/alphaonedev/ai-memory-mcp/actions/runs/29683124777/job/88182710934	
Cloud-init ASCII gate	pass	8s	https://github.com/alphaonedev/ai-memory-mcp/actions/runs/29683124756/job/88182710712	
C8 caller-context allowlist check	pass	15s	https://github.com/alphaonedev/ai-memory-mcp/actions/runs/29683124756/job/88182710683	
Classify changes	pass	5s	https://github.com/alphaonedev/ai-memory-mcp/actions/runs/29683124745/job/88182710625	
Coverage classify (docs-only short-circuit)	pass	8s	https://github.com/alphaonedev/ai-memory-mcp/actions/runs/29683124762/job/88182710621	
Cross-compile (aarch64-linux-android)	pass	1m39s	https://github.com/alphaonedev/ai-memory-mcp/actions/runs/29683124745/job/88182721563	
Docs vs SSOT drift gate	pass	8s	https://github.com/alphaonedev/ai-memory-mcp/actions/runs/29683124756/job/88182710714	
Hardcoded-literal duplication ratchet (pm-v3.1)	pass	16s	https://github.com/alphaonedev/ai-memory-mcp/actions/runs/29683124756/job/88182710711	
L3-boundary perma-ban gate (§25.3 S5 / RQ-10	pass	8s	https://github.com/alphaonedev/ai-memory-mcp/actions/runs/29683124756/job/88182710680	
Lint (fmt + clippy)	pass	2m27s	https://github.com/alphaonedev/ai-memory-mcp/actions/runs/29683124745/job/88182721521	
MSRV (Rust 1.96)	pass	1m31s	https://github.com/alphaonedev/ai-memory-mcp/actions/runs/29683124745/job/88182721529	
Migration-ladder-uniqueness gate (guardrail-D)	pass	12s	https://github.com/alphaonedev/ai-memory-mcp/actions/runs/29683124756/job/88182710715	
Test-env $HOME-lock gate (#2146)	pass	12s	https://github.com/alphaonedev/ai-memory-mcp/actions/runs/29683124756/job/88182710669	
Test-reachable stdin-read gate (#1989)	pass	23s	https://github.com/alphaonedev/ai-memory-mcp/actions/runs/29683124756/job/88182710704	
Vendor-monoculture + SECS_PER_* lint-gate (#1174 PR10)	pass	18s	https://github.com/alphaonedev/ai-memory-mcp/actions/runs/29683124756/job/88182710672	
actionlint (workflow-injection guard)	pass	11s	https://github.com/alphaonedev/ai-memory-mcp/actions/runs/29683124745/job/88182721538	
tool-count grep gate	pass	8s	https://github.com/alphaonedev/ai-memory-mcp/actions/runs/29683124806/job/88182710725	
Refreshing checks status every 60 seconds. Press Ctrl+C to quit.

Check (macos-latest)	pending	0	https://github.com/alphaonedev/ai-memory-mcp/actions/runs/29683124745/job/88182721561	
Check (ubuntu-latest)	pending	0	https://github.com/alphaonedev/ai-memory-mcp/actions/runs/29683124745/job/88182721571	
Check (windows-latest)	pending	0	https://github.com/alphaonedev/ai-memory-mcp/actions/runs/29683124745/job/88182721569	
Dockerfile build (no push)	pending	0	https://github.com/alphaonedev/ai-memory-mcp/actions/runs/29683124745/job/88182721541	
Per-Module Coverage Thresholds	pending	0	https://github.com/alphaonedev/ai-memory-mcp/actions/runs/29683124762/job/88182725042	
Postgres feature gate	pending	0	https://github.com/alphaonedev/ai-memory-mcp/actions/runs/29683124745/job/88182721517	
SAL-only feature gate	pending	0	https://github.com/alphaonedev/ai-memory-mcp/actions/runs/29683124745/job/88182721552	
ai-memory bench (ubuntu-latest)	pending	0	https://github.com/alphaonedev/ai-memory-mcp/actions/runs/29683124777/job/88182710694	
Cross-compile (aarch64-apple-ios)	pass	1m42s	https://github.com/alphaonedev/ai-memory-mcp/actions/runs/29683124745/job/88182721547	
Regenerate bench baseline (ubuntu-latest, median-of-3)	skipping	0	https://github.com/alphaonedev/ai-memory-mcp/actions/runs/29683124777/job/88182710934	
Cloud-init ASCII gate	pass	8s	https://github.com/alphaonedev/ai-memory-mcp/actions/runs/29683124756/job/88182710712	
C8 caller-context allowlist check	pass	15s	https://github.com/alphaonedev/ai-memory-mcp/actions/runs/29683124756/job/88182710683	
Classify changes	pass	5s	https://github.com/alphaonedev/ai-memory-mcp/actions/runs/29683124745/job/88182710625	
Coverage classify (docs-only short-circuit)	pass	8s	https://github.com/alphaonedev/ai-memory-mcp/actions/runs/29683124762/job/88182710621	
Cross-compile (aarch64-linux-android)	pass	1m39s	https://github.com/alphaonedev/ai-memory-mcp/actions/runs/29683124745/job/88182721563	
Docs vs SSOT drift gate	pass	8s	https://github.com/alphaonedev/ai-memory-mcp/actions/runs/29683124756/job/88182710714	
Hardcoded-literal duplication ratchet (pm-v3.1)	pass	16s	https://github.com/alphaonedev/ai-memory-mcp/actions/runs/29683124756/job/88182710711	
L3-boundary perma-ban gate (§25.3 S5 / RQ-10	pass	8s	https://github.com/alphaonedev/ai-memory-mcp/actions/runs/29683124756/job/88182710680	
Lint (fmt + clippy)	pass	2m27s	https://github.com/alphaonedev/ai-memory-mcp/actions/runs/29683124745/job/88182721521	
MSRV (Rust 1.96)	pass	1m31s	https://github.com/alphaonedev/ai-memory-mcp/actions/runs/29683124745/job/88182721529	
Migration-ladder-uniqueness gate (guardrail-D)	pass	12s	https://github.com/alphaonedev/ai-memory-mcp/actions/runs/29683124756/job/88182710715	
Test-env $HOME-lock gate (#2146)	pass	12s	https://github.com/alphaonedev/ai-memory-mcp/actions/runs/29683124756/job/88182710669	
Test-reachable stdin-read gate (#1989)	pass	23s	https://github.com/alphaonedev/ai-memory-mcp/actions/runs/29683124756/job/88182710704	
Vendor-monoculture + SECS_PER_* lint-gate (#1174 PR10)	pass	18s	https://github.com/alphaonedev/ai-memory-mcp/actions/runs/29683124756/job/88182710672	
actionlint (workflow-injection guard)	pass	11s	https://github.com/alphaonedev/ai-memory-mcp/actions/runs/29683124745/job/88182721538	
tool-count grep gate	pass	8s	https://github.com/alphaonedev/ai-memory-mcp/actions/runs/29683124806/job/88182710725	
Refreshing checks status every 60 seconds. Press Ctrl+C to quit.

Check (macos-latest)	pending	0	https://github.com/alphaonedev/ai-memory-mcp/actions/runs/29683124745/job/88182721561	
Check (ubuntu-latest)	pending	0	https://github.com/alphaonedev/ai-memory-mcp/actions/runs/29683124745/job/88182721571	
Check (windows-latest)	pending	0	https://github.com/alphaonedev/ai-memory-mcp/actions/runs/29683124745/job/88182721569	
Dockerfile build (no push)	pending	0	https://github.com/alphaonedev/ai-memory-mcp/actions/runs/29683124745/job/88182721541	
Per-Module Coverage Thresholds	pending	0	https://github.com/alphaonedev/ai-memory-mcp/actions/runs/29683124762/job/88182725042	
Postgres feature gate	pending	0	https://github.com/alphaonedev/ai-memory-mcp/actions/runs/29683124745/job/88182721517	
SAL-only feature gate	pending	0	https://github.com/alphaonedev/ai-memory-mcp/actions/runs/29683124745/job/88182721552	
ai-memory bench (ubuntu-latest)	pending	0	https://github.com/alphaonedev/ai-memory-mcp/actions/runs/29683124777/job/88182710694	
Cross-compile (aarch64-apple-ios)	pass	1m42s	https://github.com/alphaonedev/ai-memory-mcp/actions/runs/29683124745/job/88182721547	
Regenerate bench baseline (ubuntu-latest, median-of-3)	skipping	0	https://github.com/alphaonedev/ai-memory-mcp/actions/runs/29683124777/job/88182710934	
Cloud-init ASCII gate	pass	8s	https://github.com/alphaonedev/ai-memory-mcp/actions/runs/29683124756/job/88182710712	
C8 caller-context allowlist check	pass	15s	https://github.com/alphaonedev/ai-memory-mcp/actions/runs/29683124756/job/88182710683	
Classify changes	pass	5s	https://github.com/alphaonedev/ai-memory-mcp/actions/runs/29683124745/job/88182710625	
Coverage classify (docs-only short-circuit)	pass	8s	https://github.com/alphaonedev/ai-memory-mcp/actions/runs/29683124762/job/88182710621	
Cross-compile (aarch64-linux-android)	pass	1m39s	https://github.com/alphaonedev/ai-memory-mcp/actions/runs/29683124745/job/88182721563	
Docs vs SSOT drift gate	pass	8s	https://github.com/alphaonedev/ai-memory-mcp/actions/runs/29683124756/job/88182710714	
Hardcoded-literal duplication ratchet (pm-v3.1)	pass	16s	https://github.com/alphaonedev/ai-memory-mcp/actions/runs/29683124756/job/88182710711	
L3-boundary perma-ban gate (§25.3 S5 / RQ-10	pass	8s	https://github.com/alphaonedev/ai-memory-mcp/actions/runs/29683124756/job/88182710680	
Lint (fmt + clippy)	pass	2m27s	https://github.com/alphaonedev/ai-memory-mcp/actions/runs/29683124745/job/88182721521	
MSRV (Rust 1.96)	pass	1m31s	https://github.com/alphaonedev/ai-memory-mcp/actions/runs/29683124745/job/88182721529	
Migration-ladder-uniqueness gate (guardrail-D)	pass	12s	https://github.com/alphaonedev/ai-memory-mcp/actions/runs/29683124756/job/88182710715	
Test-env $HOME-lock gate (#2146)	pass	12s	https://github.com/alphaonedev/ai-memory-mcp/actions/runs/29683124756/job/88182710669	
Test-reachable stdin-read gate (#1989)	pass	23s	https://github.com/alphaonedev/ai-memory-mcp/actions/runs/29683124756/job/88182710704	
Vendor-monoculture + SECS_PER_* lint-gate (#1174 PR10)	pass	18s	https://github.com/alphaonedev/ai-memory-mcp/actions/runs/29683124756/job/88182710672	
actionlint (workflow-injection guard)	pass	11s	https://github.com/alphaonedev/ai-memory-mcp/actions/runs/29683124745/job/88182721538	
tool-count grep gate	pass	8s	https://github.com/alphaonedev/ai-memory-mcp/actions/runs/29683124806/job/88182710725	
Refreshing checks status every 60 seconds. Press Ctrl+C to quit.

Check (macos-latest)	pending	0	https://github.com/alphaonedev/ai-memory-mcp/actions/runs/29683124745/job/88182721561	
Check (ubuntu-latest)	pending	0	https://github.com/alphaonedev/ai-memory-mcp/actions/runs/29683124745/job/88182721571	
Check (windows-latest)	pending	0	https://github.com/alphaonedev/ai-memory-mcp/actions/runs/29683124745/job/88182721569	
Dockerfile build (no push)	pending	0	https://github.com/alphaonedev/ai-memory-mcp/actions/runs/29683124745/job/88182721541	
Per-Module Coverage Thresholds	pending	0	https://github.com/alphaonedev/ai-memory-mcp/actions/runs/29683124762/job/88182725042	
Postgres feature gate	pending	0	https://github.com/alphaonedev/ai-memory-mcp/actions/runs/29683124745/job/88182721517	
SAL-only feature gate	pending	0	https://github.com/alphaonedev/ai-memory-mcp/actions/runs/29683124745/job/88182721552	
ai-memory bench (ubuntu-latest)	pending	0	https://github.com/alphaonedev/ai-memory-mcp/actions/runs/29683124777/job/88182710694	
Cross-compile (aarch64-apple-ios)	pass	1m42s	https://github.com/alphaonedev/ai-memory-mcp/actions/runs/29683124745/job/88182721547	
Regenerate bench baseline (ubuntu-latest, median-of-3)	skipping	0	https://github.com/alphaonedev/ai-memory-mcp/actions/runs/29683124777/job/88182710934	
Cloud-init ASCII gate	pass	8s	https://github.com/alphaonedev/ai-memory-mcp/actions/runs/29683124756/job/88182710712	
C8 caller-context allowlist check	pass	15s	https://github.com/alphaonedev/ai-memory-mcp/actions/runs/29683124756/job/88182710683	
Classify changes	pass	5s	https://github.com/alphaonedev/ai-memory-mcp/actions/runs/29683124745/job/88182710625	
Coverage classify (docs-only short-circuit)	pass	8s	https://github.com/alphaonedev/ai-memory-mcp/actions/runs/29683124762/job/88182710621	
Cross-compile (aarch64-linux-android)	pass	1m39s	https://github.com/alphaonedev/ai-memory-mcp/actions/runs/29683124745/job/88182721563	
Docs vs SSOT drift gate	pass	8s	https://github.com/alphaonedev/ai-memory-mcp/actions/runs/29683124756/job/88182710714	
Hardcoded-literal duplication ratchet (pm-v3.1)	pass	16s	https://github.com/alphaonedev/ai-memory-mcp/actions/runs/29683124756/job/88182710711	
L3-boundary perma-ban gate (§25.3 S5 / RQ-10	pass	8s	https://github.com/alphaonedev/ai-memory-mcp/actions/runs/29683124756/job/88182710680	
Lint (fmt + clippy)	pass	2m27s	https://github.com/alphaonedev/ai-memory-mcp/actions/runs/29683124745/job/88182721521	
MSRV (Rust 1.96)	pass	1m31s	https://github.com/alphaonedev/ai-memory-mcp/actions/runs/29683124745/job/88182721529	
Migration-ladder-uniqueness gate (guardrail-D)	pass	12s	https://github.com/alphaonedev/ai-memory-mcp/actions/runs/29683124756/job/88182710715	
Test-env $HOME-lock gate (#2146)	pass	12s	https://github.com/alphaonedev/ai-memory-mcp/actions/runs/29683124756/job/88182710669	
Test-reachable stdin-read gate (#1989)	pass	23s	https://github.com/alphaonedev/ai-memory-mcp/actions/runs/29683124756/job/88182710704	
Vendor-monoculture + SECS_PER_* lint-gate (#1174 PR10)	pass	18s	https://github.com/alphaonedev/ai-memory-mcp/actions/runs/29683124756/job/88182710672	
actionlint (workflow-injection guard)	pass	11s	https://github.com/alphaonedev/ai-memory-mcp/actions/runs/29683124745/job/88182721538	
tool-count grep gate	pass	8s	https://github.com/alphaonedev/ai-memory-mcp/actions/runs/29683124806/job/88182710725	
Refreshing checks status every 60 seconds. Press Ctrl+C to quit.

C8 caller-context allowlist check	pass	15s	https://github.com/alphaonedev/ai-memory-mcp/actions/runs/29683124756/job/88182710683	
Classify changes	pass	5s	https://github.com/alphaonedev/ai-memory-mcp/actions/runs/29683124745/job/88182710625	
Cloud-init ASCII gate	pass	8s	https://github.com/alphaonedev/ai-memory-mcp/actions/runs/29683124756/job/88182710712	
Coverage classify (docs-only short-circuit)	pass	8s	https://github.com/alphaonedev/ai-memory-mcp/actions/runs/29683124762/job/88182710621	
Cross-compile (aarch64-apple-ios)	pass	1m42s	https://github.com/alphaonedev/ai-memory-mcp/actions/runs/29683124745/job/88182721547	
Cross-compile (aarch64-linux-android)	pass	1m39s	https://github.com/alphaonedev/ai-memory-mcp/actions/runs/29683124745/job/88182721563	
Docs vs SSOT drift gate	pass	8s	https://github.com/alphaonedev/ai-memory-mcp/actions/runs/29683124756/job/88182710714	
Hardcoded-literal duplication ratchet (pm-v3.1)	pass	16s	https://github.com/alphaonedev/ai-memory-mcp/actions/runs/29683124756/job/88182710711	
L3-boundary perma-ban gate (§25.3 S5 / RQ-10	pass	8s	https://github.com/alphaonedev/ai-memory-mcp/actions/runs/29683124756/job/88182710680	
Lint (fmt + clippy)	pass	2m27s	https://github.com/alphaonedev/ai-memory-mcp/actions/runs/29683124745/job/88182721521	
MSRV (Rust 1.96)	pass	1m31s	https://github.com/alphaonedev/ai-memory-mcp/actions/runs/29683124745/job/88182721529	
Migration-ladder-uniqueness gate (guardrail-D)	pass	12s	https://github.com/alphaonedev/ai-memory-mcp/actions/runs/29683124756/job/88182710715	
Test-env $HOME-lock gate (#2146)	pass	12s	https://github.com/alphaonedev/ai-memory-mcp/actions/runs/29683124756/job/88182710669	
Test-reachable stdin-read gate (#1989)	pass	23s	https://github.com/alphaonedev/ai-memory-mcp/actions/runs/29683124756/job/88182710704	
Vendor-monoculture + SECS_PER_* lint-gate (#1174 PR10)	pass	18s	https://github.com/alphaonedev/ai-memory-mcp/actions/runs/29683124756/job/88182710672	
actionlint (workflow-injection guard)	pass	11s	https://github.com/alphaonedev/ai-memory-mcp/actions/runs/29683124745/job/88182721538	
ai-memory bench (ubuntu-latest)	pass	10m5s	https://github.com/alphaonedev/ai-memory-mcp/actions/runs/29683124777/job/88182710694	
tool-count grep gate	pass	8s	https://github.com/alphaonedev/ai-memory-mcp/actions/runs/29683124806/job/88182710725	
Check (macos-latest)	pending	0	https://github.com/alphaonedev/ai-memory-mcp/actions/runs/29683124745/job/88182721561	
Check (windows-latest)	pending	0	https://github.com/alphaonedev/ai-memory-mcp/actions/runs/29683124745/job/88182721569	
Per-Module Coverage Thresholds	pending	0	https://github.com/alphaonedev/ai-memory-mcp/actions/runs/29683124762/job/88182725042	
Regenerate bench baseline (ubuntu-latest, median-of-3)	skipping	0	https://github.com/alphaonedev/ai-memory-mcp/actions/runs/29683124777/job/88182710934	
Check (ubuntu-latest)	pending	0	https://github.com/alphaonedev/ai-memory-mcp/actions/runs/29683124745/job/88182721571	
Dockerfile build (no push)	pending	0	https://github.com/alphaonedev/ai-memory-mcp/actions/runs/29683124745/job/88182721541	
Postgres feature gate	pending	0	https://github.com/alphaonedev/ai-memory-mcp/actions/runs/29683124745/job/88182721517	
SAL-only feature gate	pending	0	https://github.com/alphaonedev/ai-memory-mcp/actions/runs/29683124745/job/88182721552	
Refreshing checks status every 60 seconds. Press Ctrl+C to quit.

C8 caller-context allowlist check	pass	15s	https://github.com/alphaonedev/ai-memory-mcp/actions/runs/29683124756/job/88182710683	
Classify changes	pass	5s	https://github.com/alphaonedev/ai-memory-mcp/actions/runs/29683124745/job/88182710625	
Cloud-init ASCII gate	pass	8s	https://github.com/alphaonedev/ai-memory-mcp/actions/runs/29683124756/job/88182710712	
Coverage classify (docs-only short-circuit)	pass	8s	https://github.com/alphaonedev/ai-memory-mcp/actions/runs/29683124762/job/88182710621	
Cross-compile (aarch64-apple-ios)	pass	1m42s	https://github.com/alphaonedev/ai-memory-mcp/actions/runs/29683124745/job/88182721547	
Cross-compile (aarch64-linux-android)	pass	1m39s	https://github.com/alphaonedev/ai-memory-mcp/actions/runs/29683124745/job/88182721563	
Docs vs SSOT drift gate	pass	8s	https://github.com/alphaonedev/ai-memory-mcp/actions/runs/29683124756/job/88182710714	
Hardcoded-literal duplication ratchet (pm-v3.1)	pass	16s	https://github.com/alphaonedev/ai-memory-mcp/actions/runs/29683124756/job/88182710711	
L3-boundary perma-ban gate (§25.3 S5 / RQ-10	pass	8s	https://github.com/alphaonedev/ai-memory-mcp/actions/runs/29683124756/job/88182710680	
Lint (fmt + clippy)	pass	2m27s	https://github.com/alphaonedev/ai-memory-mcp/actions/runs/29683124745/job/88182721521	
MSRV (Rust 1.96)	pass	1m31s	https://github.com/alphaonedev/ai-memory-mcp/actions/runs/29683124745/job/88182721529	
Migration-ladder-uniqueness gate (guardrail-D)	pass	12s	https://github.com/alphaonedev/ai-memory-mcp/actions/runs/29683124756/job/88182710715	
Test-env $HOME-lock gate (#2146)	pass	12s	https://github.com/alphaonedev/ai-memory-mcp/actions/runs/29683124756/job/88182710669	
Test-reachable stdin-read gate (#1989)	pass	23s	https://github.com/alphaonedev/ai-memory-mcp/actions/runs/29683124756/job/88182710704	
Vendor-monoculture + SECS_PER_* lint-gate (#1174 PR10)	pass	18s	https://github.com/alphaonedev/ai-memory-mcp/actions/runs/29683124756/job/88182710672	
actionlint (workflow-injection guard)	pass	11s	https://github.com/alphaonedev/ai-memory-mcp/actions/runs/29683124745/job/88182721538	
ai-memory bench (ubuntu-latest)	pass	10m5s	https://github.com/alphaonedev/ai-memory-mcp/actions/runs/29683124777/job/88182710694	
tool-count grep gate	pass	8s	https://github.com/alphaonedev/ai-memory-mcp/actions/runs/29683124806/job/88182710725	
Check (macos-latest)	pending	0	https://github.com/alphaonedev/ai-memory-mcp/actions/runs/29683124745/job/88182721561	
Check (windows-latest)	pending	0	https://github.com/alphaonedev/ai-memory-mcp/actions/runs/29683124745/job/88182721569	
Per-Module Coverage Thresholds	pending	0	https://github.com/alphaonedev/ai-memory-mcp/actions/runs/29683124762/job/88182725042	
Regenerate bench baseline (ubuntu-latest, median-of-3)	skipping	0	https://github.com/alphaonedev/ai-memory-mcp/actions/runs/29683124777/job/88182710934	
Check (ubuntu-latest)	pending	0	https://github.com/alphaonedev/ai-memory-mcp/actions/runs/29683124745/job/88182721571	
Dockerfile build (no push)	pending	0	https://github.com/alphaonedev/ai-memory-mcp/actions/runs/29683124745/job/88182721541	
Postgres feature gate	pending	0	https://github.com/alphaonedev/ai-memory-mcp/actions/runs/29683124745/job/88182721517	
SAL-only feature gate	pending	0	https://github.com/alphaonedev/ai-memory-mcp/actions/runs/29683124745/job/88182721552	
Refreshing checks status every 60 seconds. Press Ctrl+C to quit.

C8 caller-context allowlist check	pass	15s	https://github.com/alphaonedev/ai-memory-mcp/actions/runs/29683124756/job/88182710683	
Classify changes	pass	5s	https://github.com/alphaonedev/ai-memory-mcp/actions/runs/29683124745/job/88182710625	
Cloud-init ASCII gate	pass	8s	https://github.com/alphaonedev/ai-memory-mcp/actions/runs/29683124756/job/88182710712	
Coverage classify (docs-only short-circuit)	pass	8s	https://github.com/alphaonedev/ai-memory-mcp/actions/runs/29683124762/job/88182710621	
Cross-compile (aarch64-apple-ios)	pass	1m42s	https://github.com/alphaonedev/ai-memory-mcp/actions/runs/29683124745/job/88182721547	
Cross-compile (aarch64-linux-android)	pass	1m39s	https://github.com/alphaonedev/ai-memory-mcp/actions/runs/29683124745/job/88182721563	
Docs vs SSOT drift gate	pass	8s	https://github.com/alphaonedev/ai-memory-mcp/actions/runs/29683124756/job/88182710714	
Hardcoded-literal duplication ratchet (pm-v3.1)	pass	16s	https://github.com/alphaonedev/ai-memory-mcp/actions/runs/29683124756/job/88182710711	
L3-boundary perma-ban gate (§25.3 S5 / RQ-10	pass	8s	https://github.com/alphaonedev/ai-memory-mcp/actions/runs/29683124756/job/88182710680	
Lint (fmt + clippy)	pass	2m27s	https://github.com/alphaonedev/ai-memory-mcp/actions/runs/29683124745/job/88182721521	
MSRV (Rust 1.96)	pass	1m31s	https://github.com/alphaonedev/ai-memory-mcp/actions/runs/29683124745/job/88182721529	
Migration-ladder-uniqueness gate (guardrail-D)	pass	12s	https://github.com/alphaonedev/ai-memory-mcp/actions/runs/29683124756/job/88182710715	
Test-env $HOME-lock gate (#2146)	pass	12s	https://github.com/alphaonedev/ai-memory-mcp/actions/runs/29683124756/job/88182710669	
Test-reachable stdin-read gate (#1989)	pass	23s	https://github.com/alphaonedev/ai-memory-mcp/actions/runs/29683124756/job/88182710704	
Vendor-monoculture + SECS_PER_* lint-gate (#1174 PR10)	pass	18s	https://github.com/alphaonedev/ai-memory-mcp/actions/runs/29683124756/job/88182710672	
actionlint (workflow-injection guard)	pass	11s	https://github.com/alphaonedev/ai-memory-mcp/actions/runs/29683124745/job/88182721538	
ai-memory bench (ubuntu-latest)	pass	10m5s	https://github.com/alphaonedev/ai-memory-mcp/actions/runs/29683124777/job/88182710694	
tool-count grep gate	pass	8s	https://github.com/alphaonedev/ai-memory-mcp/actions/runs/29683124806/job/88182710725	
Check (macos-latest)	pending	0	https://github.com/alphaonedev/ai-memory-mcp/actions/runs/29683124745/job/88182721561	
Check (windows-latest)	pending	0	https://github.com/alphaonedev/ai-memory-mcp/actions/runs/29683124745/job/88182721569	
Per-Module Coverage Thresholds	pending	0	https://github.com/alphaonedev/ai-memory-mcp/actions/runs/29683124762/job/88182725042	
Regenerate bench baseline (ubuntu-latest, median-of-3)	skipping	0	https://github.com/alphaonedev/ai-memory-mcp/actions/runs/29683124777/job/88182710934	
Check (ubuntu-latest)	pending	0	https://github.com/alphaonedev/ai-memory-mcp/actions/runs/29683124745/job/88182721571	
Dockerfile build (no push)	pending	0	https://github.com/alphaonedev/ai-memory-mcp/actions/runs/29683124745/job/88182721541	
Postgres feature gate	pending	0	https://github.com/alphaonedev/ai-memory-mcp/actions/runs/29683124745/job/88182721517	
SAL-only feature gate	pending	0	https://github.com/alphaonedev/ai-memory-mcp/actions/runs/29683124745/job/88182721552	
Refreshing checks status every 60 seconds. Press Ctrl+C to quit.

C8 caller-context allowlist check	pass	15s	https://github.com/alphaonedev/ai-memory-mcp/actions/runs/29683124756/job/88182710683	
Classify changes	pass	5s	https://github.com/alphaonedev/ai-memory-mcp/actions/runs/29683124745/job/88182710625	
Cloud-init ASCII gate	pass	8s	https://github.com/alphaonedev/ai-memory-mcp/actions/runs/29683124756/job/88182710712	
Coverage classify (docs-only short-circuit)	pass	8s	https://github.com/alphaonedev/ai-memory-mcp/actions/runs/29683124762/job/88182710621	
Cross-compile (aarch64-apple-ios)	pass	1m42s	https://github.com/alphaonedev/ai-memory-mcp/actions/runs/29683124745/job/88182721547	
Cross-compile (aarch64-linux-android)	pass	1m39s	https://github.com/alphaonedev/ai-memory-mcp/actions/runs/29683124745/job/88182721563	
Docs vs SSOT drift gate	pass	8s	https://github.com/alphaonedev/ai-memory-mcp/actions/runs/29683124756/job/88182710714	
Hardcoded-literal duplication ratchet (pm-v3.1)	pass	16s	https://github.com/alphaonedev/ai-memory-mcp/actions/runs/29683124756/job/88182710711	
L3-boundary perma-ban gate (§25.3 S5 / RQ-10	pass	8s	https://github.com/alphaonedev/ai-memory-mcp/actions/runs/29683124756/job/88182710680	
Lint (fmt + clippy)	pass	2m27s	https://github.com/alphaonedev/ai-memory-mcp/actions/runs/29683124745/job/88182721521	
MSRV (Rust 1.96)	pass	1m31s	https://github.com/alphaonedev/ai-memory-mcp/actions/runs/29683124745/job/88182721529	
Migration-ladder-uniqueness gate (guardrail-D)	pass	12s	https://github.com/alphaonedev/ai-memory-mcp/actions/runs/29683124756/job/88182710715	
Test-env $HOME-lock gate (#2146)	pass	12s	https://github.com/alphaonedev/ai-memory-mcp/actions/runs/29683124756/job/88182710669	
Test-reachable stdin-read gate (#1989)	pass	23s	https://github.com/alphaonedev/ai-memory-mcp/actions/runs/29683124756/job/88182710704	
Vendor-monoculture + SECS_PER_* lint-gate (#1174 PR10)	pass	18s	https://github.com/alphaonedev/ai-memory-mcp/actions/runs/29683124756/job/88182710672	
actionlint (workflow-injection guard)	pass	11s	https://github.com/alphaonedev/ai-memory-mcp/actions/runs/29683124745/job/88182721538	
ai-memory bench (ubuntu-latest)	pass	10m5s	https://github.com/alphaonedev/ai-memory-mcp/actions/runs/29683124777/job/88182710694	
tool-count grep gate	pass	8s	https://github.com/alphaonedev/ai-memory-mcp/actions/runs/29683124806/job/88182710725	
Check (macos-latest)	pending	0	https://github.com/alphaonedev/ai-memory-mcp/actions/runs/29683124745/job/88182721561	
Check (windows-latest)	pending	0	https://github.com/alphaonedev/ai-memory-mcp/actions/runs/29683124745/job/88182721569	
Per-Module Coverage Thresholds	pending	0	https://github.com/alphaonedev/ai-memory-mcp/actions/runs/29683124762/job/88182725042	
Regenerate bench baseline (ubuntu-latest, median-of-3)	skipping	0	https://github.com/alphaonedev/ai-memory-mcp/actions/runs/29683124777/job/88182710934	
Check (ubuntu-latest)	pending	0	https://github.com/alphaonedev/ai-memory-mcp/actions/runs/29683124745/job/88182721571	
Dockerfile build (no push)	pending	0	https://github.com/alphaonedev/ai-memory-mcp/actions/runs/29683124745/job/88182721541	
Postgres feature gate	pending	0	https://github.com/alphaonedev/ai-memory-mcp/actions/runs/29683124745/job/88182721517	
SAL-only feature gate	pending	0	https://github.com/alphaonedev/ai-memory-mcp/actions/runs/29683124745/job/88182721552	
Refreshing checks status every 60 seconds. Press Ctrl+C to quit.

C8 caller-context allowlist check	pass	15s	https://github.com/alphaonedev/ai-memory-mcp/actions/runs/29683124756/job/88182710683	
Classify changes	pass	5s	https://github.com/alphaonedev/ai-memory-mcp/actions/runs/29683124745/job/88182710625	
Cloud-init ASCII gate	pass	8s	https://github.com/alphaonedev/ai-memory-mcp/actions/runs/29683124756/job/88182710712	
Coverage classify (docs-only short-circuit)	pass	8s	https://github.com/alphaonedev/ai-memory-mcp/actions/runs/29683124762/job/88182710621	
Cross-compile (aarch64-apple-ios)	pass	1m42s	https://github.com/alphaonedev/ai-memory-mcp/actions/runs/29683124745/job/88182721547	
Cross-compile (aarch64-linux-android)	pass	1m39s	https://github.com/alphaonedev/ai-memory-mcp/actions/runs/29683124745/job/88182721563	
Dockerfile build (no push)	pass	14m5s	https://github.com/alphaonedev/ai-memory-mcp/actions/runs/29683124745/job/88182721541	
Docs vs SSOT drift gate	pass	8s	https://github.com/alphaonedev/ai-memory-mcp/actions/runs/29683124756/job/88182710714	
Hardcoded-literal duplication ratchet (pm-v3.1)	pass	16s	https://github.com/alphaonedev/ai-memory-mcp/actions/runs/29683124756/job/88182710711	
L3-boundary perma-ban gate (§25.3 S5 / RQ-10	pass	8s	https://github.com/alphaonedev/ai-memory-mcp/actions/runs/29683124756/job/88182710680	
Lint (fmt + clippy)	pass	2m27s	https://github.com/alphaonedev/ai-memory-mcp/actions/runs/29683124745/job/88182721521	
MSRV (Rust 1.96)	pass	1m31s	https://github.com/alphaonedev/ai-memory-mcp/actions/runs/29683124745/job/88182721529	
Migration-ladder-uniqueness gate (guardrail-D)	pass	12s	https://github.com/alphaonedev/ai-memory-mcp/actions/runs/29683124756/job/88182710715	
Test-env $HOME-lock gate (#2146)	pass	12s	https://github.com/alphaonedev/ai-memory-mcp/actions/runs/29683124756/job/88182710669	
Test-reachable stdin-read gate (#1989)	pass	23s	https://github.com/alphaonedev/ai-memory-mcp/actions/runs/29683124756/job/88182710704	
Vendor-monoculture + SECS_PER_* lint-gate (#1174 PR10)	pass	18s	https://github.com/alphaonedev/ai-memory-mcp/actions/runs/29683124756/job/88182710672	
actionlint (workflow-injection guard)	pass	11s	https://github.com/alphaonedev/ai-memory-mcp/actions/runs/29683124745/job/88182721538	
ai-memory bench (ubuntu-latest)	pass	10m5s	https://github.com/alphaonedev/ai-memory-mcp/actions/runs/29683124777/job/88182710694	
tool-count grep gate	pass	8s	https://github.com/alphaonedev/ai-memory-mcp/actions/runs/29683124806/job/88182710725	
Check (macos-latest)	pending	0	https://github.com/alphaonedev/ai-memory-mcp/actions/runs/29683124745/job/88182721561	
Check (windows-latest)	pending	0	https://github.com/alphaonedev/ai-memory-mcp/actions/runs/29683124745/job/88182721569	
Per-Module Coverage Thresholds	pending	0	https://github.com/alphaonedev/ai-memory-mcp/actions/runs/29683124762/job/88182725042	
Regenerate bench baseline (ubuntu-latest, median-of-3)	skipping	0	https://github.com/alphaonedev/ai-memory-mcp/actions/runs/29683124777/job/88182710934	
Check (ubuntu-latest)	pending	0	https://github.com/alphaonedev/ai-memory-mcp/actions/runs/29683124745/job/88182721571	
Postgres feature gate	pending	0	https://github.com/alphaonedev/ai-memory-mcp/actions/runs/29683124745/job/88182721517	
SAL-only feature gate	pending	0	https://github.com/alphaonedev/ai-memory-mcp/actions/runs/29683124745/job/88182721552	
Refreshing checks status every 60 seconds. Press Ctrl+C to quit.

C8 caller-context allowlist check	pass	15s	https://github.com/alphaonedev/ai-memory-mcp/actions/runs/29683124756/job/88182710683	
Classify changes	pass	5s	https://github.com/alphaonedev/ai-memory-mcp/actions/runs/29683124745/job/88182710625	
Cloud-init ASCII gate	pass	8s	https://github.com/alphaonedev/ai-memory-mcp/actions/runs/29683124756/job/88182710712	
Coverage classify (docs-only short-circuit)	pass	8s	https://github.com/alphaonedev/ai-memory-mcp/actions/runs/29683124762/job/88182710621	
Cross-compile (aarch64-apple-ios)	pass	1m42s	https://github.com/alphaonedev/ai-memory-mcp/actions/runs/29683124745/job/88182721547	
Cross-compile (aarch64-linux-android)	pass	1m39s	https://github.com/alphaonedev/ai-memory-mcp/actions/runs/29683124745/job/88182721563	
Dockerfile build (no push)	pass	14m5s	https://github.com/alphaonedev/ai-memory-mcp/actions/runs/29683124745/job/88182721541	
Docs vs SSOT drift gate	pass	8s	https://github.com/alphaonedev/ai-memory-mcp/actions/runs/29683124756/job/88182710714	
Hardcoded-literal duplication ratchet (pm-v3.1)	pass	16s	https://github.com/alphaonedev/ai-memory-mcp/actions/runs/29683124756/job/88182710711	
L3-boundary perma-ban gate (§25.3 S5 / RQ-10	pass	8s	https://github.com/alphaonedev/ai-memory-mcp/actions/runs/29683124756/job/88182710680	
Lint (fmt + clippy)	pass	2m27s	https://github.com/alphaonedev/ai-memory-mcp/actions/runs/29683124745/job/88182721521	
MSRV (Rust 1.96)	pass	1m31s	https://github.com/alphaonedev/ai-memory-mcp/actions/runs/29683124745/job/88182721529	
Migration-ladder-uniqueness gate (guardrail-D)	pass	12s	https://github.com/alphaonedev/ai-memory-mcp/actions/runs/29683124756/job/88182710715	
Test-env $HOME-lock gate (#2146)	pass	12s	https://github.com/alphaonedev/ai-memory-mcp/actions/runs/29683124756/job/88182710669	
Test-reachable stdin-read gate (#1989)	pass	23s	https://github.com/alphaonedev/ai-memory-mcp/actions/runs/29683124756/job/88182710704	
Vendor-monoculture + SECS_PER_* lint-gate (#1174 PR10)	pass	18s	https://github.com/alphaonedev/ai-memory-mcp/actions/runs/29683124756/job/88182710672	
actionlint (workflow-injection guard)	pass	11s	https://github.com/alphaonedev/ai-memory-mcp/actions/runs/29683124745/job/88182721538	
ai-memory bench (ubuntu-latest)	pass	10m5s	https://github.com/alphaonedev/ai-memory-mcp/actions/runs/29683124777/job/88182710694	
tool-count grep gate	pass	8s	https://github.com/alphaonedev/ai-memory-mcp/actions/runs/29683124806/job/88182710725	
Check (macos-latest)	pending	0	https://github.com/alphaonedev/ai-memory-mcp/actions/runs/29683124745/job/88182721561	
Check (windows-latest)	pending	0	https://github.com/alphaonedev/ai-memory-mcp/actions/runs/29683124745/job/88182721569	
Per-Module Coverage Thresholds	pending	0	https://github.com/alphaonedev/ai-memory-mcp/actions/runs/29683124762/job/88182725042	
Regenerate bench baseline (ubuntu-latest, median-of-3)	skipping	0	https://github.com/alphaonedev/ai-memory-mcp/actions/runs/29683124777/job/88182710934	
Check (ubuntu-latest)	pending	0	https://github.com/alphaonedev/ai-memory-mcp/actions/runs/29683124745/job/88182721571	
Postgres feature gate	pending	0	https://github.com/alphaonedev/ai-memory-mcp/actions/runs/29683124745/job/88182721517	
SAL-only feature gate	pending	0	https://github.com/alphaonedev/ai-memory-mcp/actions/runs/29683124745/job/88182721552	
Refreshing checks status every 60 seconds. Press Ctrl+C to quit.

C8 caller-context allowlist check	pass	15s	https://github.com/alphaonedev/ai-memory-mcp/actions/runs/29683124756/job/88182710683	
Classify changes	pass	5s	https://github.com/alphaonedev/ai-memory-mcp/actions/runs/29683124745/job/88182710625	
Cloud-init ASCII gate	pass	8s	https://github.com/alphaonedev/ai-memory-mcp/actions/runs/29683124756/job/88182710712	
Coverage classify (docs-only short-circuit)	pass	8s	https://github.com/alphaonedev/ai-memory-mcp/actions/runs/29683124762/job/88182710621	
Cross-compile (aarch64-apple-ios)	pass	1m42s	https://github.com/alphaonedev/ai-memory-mcp/actions/runs/29683124745/job/88182721547	
Cross-compile (aarch64-linux-android)	pass	1m39s	https://github.com/alphaonedev/ai-memory-mcp/actions/runs/29683124745/job/88182721563	
Dockerfile build (no push)	pass	14m5s	https://github.com/alphaonedev/ai-memory-mcp/actions/runs/29683124745/job/88182721541	
Docs vs SSOT drift gate	pass	8s	https://github.com/alphaonedev/ai-memory-mcp/actions/runs/29683124756/job/88182710714	
Hardcoded-literal duplication ratchet (pm-v3.1)	pass	16s	https://github.com/alphaonedev/ai-memory-mcp/actions/runs/29683124756/job/88182710711	
L3-boundary perma-ban gate (§25.3 S5 / RQ-10	pass	8s	https://github.com/alphaonedev/ai-memory-mcp/actions/runs/29683124756/job/88182710680	
Lint (fmt + clippy)	pass	2m27s	https://github.com/alphaonedev/ai-memory-mcp/actions/runs/29683124745/job/88182721521	
MSRV (Rust 1.96)	pass	1m31s	https://github.com/alphaonedev/ai-memory-mcp/actions/runs/29683124745/job/88182721529	
Migration-ladder-uniqueness gate (guardrail-D)	pass	12s	https://github.com/alphaonedev/ai-memory-mcp/actions/runs/29683124756/job/88182710715	
Test-env $HOME-lock gate (#2146)	pass	12s	https://github.com/alphaonedev/ai-memory-mcp/actions/runs/29683124756/job/88182710669	
Test-reachable stdin-read gate (#1989)	pass	23s	https://github.com/alphaonedev/ai-memory-mcp/actions/runs/29683124756/job/88182710704	
Vendor-monoculture + SECS_PER_* lint-gate (#1174 PR10)	pass	18s	https://github.com/alphaonedev/ai-memory-mcp/actions/runs/29683124756/job/88182710672	
actionlint (workflow-injection guard)	pass	11s	https://github.com/alphaonedev/ai-memory-mcp/actions/runs/29683124745/job/88182721538	
ai-memory bench (ubuntu-latest)	pass	10m5s	https://github.com/alphaonedev/ai-memory-mcp/actions/runs/29683124777/job/88182710694	
tool-count grep gate	pass	8s	https://github.com/alphaonedev/ai-memory-mcp/actions/runs/29683124806/job/88182710725	
Check (macos-latest)	pending	0	https://github.com/alphaonedev/ai-memory-mcp/actions/runs/29683124745/job/88182721561	
Check (windows-latest)	pending	0	https://github.com/alphaonedev/ai-memory-mcp/actions/runs/29683124745/job/88182721569	
Per-Module Coverage Thresholds	pending	0	https://github.com/alphaonedev/ai-memory-mcp/actions/runs/29683124762/job/88182725042	
Regenerate bench baseline (ubuntu-latest, median-of-3)	skipping	0	https://github.com/alphaonedev/ai-memory-mcp/actions/runs/29683124777/job/88182710934	
Check (ubuntu-latest)	pending	0	https://github.com/alphaonedev/ai-memory-mcp/actions/runs/29683124745/job/88182721571	
Postgres feature gate	pending	0	https://github.com/alphaonedev/ai-memory-mcp/actions/runs/29683124745/job/88182721517	
SAL-only feature gate	pending	0	https://github.com/alphaonedev/ai-memory-mcp/actions/runs/29683124745/job/88182721552	
Refreshing checks status every 60 seconds. Press Ctrl+C to quit.

C8 caller-context allowlist check	pass	15s	https://github.com/alphaonedev/ai-memory-mcp/actions/runs/29683124756/job/88182710683	
Classify changes	pass	5s	https://github.com/alphaonedev/ai-memory-mcp/actions/runs/29683124745/job/88182710625	
Cloud-init ASCII gate	pass	8s	https://github.com/alphaonedev/ai-memory-mcp/actions/runs/29683124756/job/88182710712	
Coverage classify (docs-only short-circuit)	pass	8s	https://github.com/alphaonedev/ai-memory-mcp/actions/runs/29683124762/job/88182710621	
Cross-compile (aarch64-apple-ios)	pass	1m42s	https://github.com/alphaonedev/ai-memory-mcp/actions/runs/29683124745/job/88182721547	
Cross-compile (aarch64-linux-android)	pass	1m39s	https://github.com/alphaonedev/ai-memory-mcp/actions/runs/29683124745/job/88182721563	
Dockerfile build (no push)	pass	14m5s	https://github.com/alphaonedev/ai-memory-mcp/actions/runs/29683124745/job/88182721541	
Docs vs SSOT drift gate	pass	8s	https://github.com/alphaonedev/ai-memory-mcp/actions/runs/29683124756/job/88182710714	
Hardcoded-literal duplication ratchet (pm-v3.1)	pass	16s	https://github.com/alphaonedev/ai-memory-mcp/actions/runs/29683124756/job/88182710711	
L3-boundary perma-ban gate (§25.3 S5 / RQ-10	pass	8s	https://github.com/alphaonedev/ai-memory-mcp/actions/runs/29683124756/job/88182710680	
Lint (fmt + clippy)	pass	2m27s	https://github.com/alphaonedev/ai-memory-mcp/actions/runs/29683124745/job/88182721521	
MSRV (Rust 1.96)	pass	1m31s	https://github.com/alphaonedev/ai-memory-mcp/actions/runs/29683124745/job/88182721529	
Migration-ladder-uniqueness gate (guardrail-D)	pass	12s	https://github.com/alphaonedev/ai-memory-mcp/actions/runs/29683124756/job/88182710715	
Test-env $HOME-lock gate (#2146)	pass	12s	https://github.com/alphaonedev/ai-memory-mcp/actions/runs/29683124756/job/88182710669	
Test-reachable stdin-read gate (#1989)	pass	23s	https://github.com/alphaonedev/ai-memory-mcp/actions/runs/29683124756/job/88182710704	
Vendor-monoculture + SECS_PER_* lint-gate (#1174 PR10)	pass	18s	https://github.com/alphaonedev/ai-memory-mcp/actions/runs/29683124756/job/88182710672	
actionlint (workflow-injection guard)	pass	11s	https://github.com/alphaonedev/ai-memory-mcp/actions/runs/29683124745/job/88182721538	
ai-memory bench (ubuntu-latest)	pass	10m5s	https://github.com/alphaonedev/ai-memory-mcp/actions/runs/29683124777/job/88182710694	
tool-count grep gate	pass	8s	https://github.com/alphaonedev/ai-memory-mcp/actions/runs/29683124806/job/88182710725	
Check (macos-latest)	pending	0	https://github.com/alphaonedev/ai-memory-mcp/actions/runs/29683124745/job/88182721561	
Check (windows-latest)	pending	0	https://github.com/alphaonedev/ai-memory-mcp/actions/runs/29683124745/job/88182721569	
Per-Module Coverage Thresholds	pending	0	https://github.com/alphaonedev/ai-memory-mcp/actions/runs/29683124762/job/88182725042	
Regenerate bench baseline (ubuntu-latest, median-of-3)	skipping	0	https://github.com/alphaonedev/ai-memory-mcp/actions/runs/29683124777/job/88182710934	
Check (ubuntu-latest)	pending	0	https://github.com/alphaonedev/ai-memory-mcp/actions/runs/29683124745/job/88182721571	
Postgres feature gate	pending	0	https://github.com/alphaonedev/ai-memory-mcp/actions/runs/29683124745/job/88182721517	
SAL-only feature gate	pending	0	https://github.com/alphaonedev/ai-memory-mcp/actions/runs/29683124745/job/88182721552	
Refreshing checks status every 60 seconds. Press Ctrl+C to quit.

C8 caller-context allowlist check	pass	15s	https://github.com/alphaonedev/ai-memory-mcp/actions/runs/29683124756/job/88182710683	
Classify changes	pass	5s	https://github.com/alphaonedev/ai-memory-mcp/actions/runs/29683124745/job/88182710625	
Cloud-init ASCII gate	pass	8s	https://github.com/alphaonedev/ai-memory-mcp/actions/runs/29683124756/job/88182710712	
Coverage classify (docs-only short-circuit)	pass	8s	https://github.com/alphaonedev/ai-memory-mcp/actions/runs/29683124762/job/88182710621	
Cross-compile (aarch64-apple-ios)	pass	1m42s	https://github.com/alphaonedev/ai-memory-mcp/actions/runs/29683124745/job/88182721547	
Cross-compile (aarch64-linux-android)	pass	1m39s	https://github.com/alphaonedev/ai-memory-mcp/actions/runs/29683124745/job/88182721563	
Dockerfile build (no push)	pass	14m5s	https://github.com/alphaonedev/ai-memory-mcp/actions/runs/29683124745/job/88182721541	
Docs vs SSOT drift gate	pass	8s	https://github.com/alphaonedev/ai-memory-mcp/actions/runs/29683124756/job/88182710714	
Hardcoded-literal duplication ratchet (pm-v3.1)	pass	16s	https://github.com/alphaonedev/ai-memory-mcp/actions/runs/29683124756/job/88182710711	
L3-boundary perma-ban gate (§25.3 S5 / RQ-10	pass	8s	https://github.com/alphaonedev/ai-memory-mcp/actions/runs/29683124756/job/88182710680	
Lint (fmt + clippy)	pass	2m27s	https://github.com/alphaonedev/ai-memory-mcp/actions/runs/29683124745/job/88182721521	
MSRV (Rust 1.96)	pass	1m31s	https://github.com/alphaonedev/ai-memory-mcp/actions/runs/29683124745/job/88182721529	
Migration-ladder-uniqueness gate (guardrail-D)	pass	12s	https://github.com/alphaonedev/ai-memory-mcp/actions/runs/29683124756/job/88182710715	
Test-env $HOME-lock gate (#2146)	pass	12s	https://github.com/alphaonedev/ai-memory-mcp/actions/runs/29683124756/job/88182710669	
Test-reachable stdin-read gate (#1989)	pass	23s	https://github.com/alphaonedev/ai-memory-mcp/actions/runs/29683124756/job/88182710704	
Vendor-monoculture + SECS_PER_* lint-gate (#1174 PR10)	pass	18s	https://github.com/alphaonedev/ai-memory-mcp/actions/runs/29683124756/job/88182710672	
actionlint (workflow-injection guard)	pass	11s	https://github.com/alphaonedev/ai-memory-mcp/actions/runs/29683124745/job/88182721538	
ai-memory bench (ubuntu-latest)	pass	10m5s	https://github.com/alphaonedev/ai-memory-mcp/actions/runs/29683124777/job/88182710694	
tool-count grep gate	pass	8s	https://github.com/alphaonedev/ai-memory-mcp/actions/runs/29683124806/job/88182710725	
Check (macos-latest)	pending	0	https://github.com/alphaonedev/ai-memory-mcp/actions/runs/29683124745/job/88182721561	
Check (windows-latest)	pending	0	https://github.com/alphaonedev/ai-memory-mcp/actions/runs/29683124745/job/88182721569	
Per-Module Coverage Thresholds	pending	0	https://github.com/alphaonedev/ai-memory-mcp/actions/runs/29683124762/job/88182725042	
Regenerate bench baseline (ubuntu-latest, median-of-3)	skipping	0	https://github.com/alphaonedev/ai-memory-mcp/actions/runs/29683124777/job/88182710934	
Check (ubuntu-latest)	pending	0	https://github.com/alphaonedev/ai-memory-mcp/actions/runs/29683124745/job/88182721571	
Postgres feature gate	pending	0	https://github.com/alphaonedev/ai-memory-mcp/actions/runs/29683124745/job/88182721517	
SAL-only feature gate	pending	0	https://github.com/alphaonedev/ai-memory-mcp/actions/runs/29683124745/job/88182721552	
Refreshing checks status every 60 seconds. Press Ctrl+C to quit.

C8 caller-context allowlist check	pass	15s	https://github.com/alphaonedev/ai-memory-mcp/actions/runs/29683124756/job/88182710683	
Classify changes	pass	5s	https://github.com/alphaonedev/ai-memory-mcp/actions/runs/29683124745/job/88182710625	
Cloud-init ASCII gate	pass	8s	https://github.com/alphaonedev/ai-memory-mcp/actions/runs/29683124756/job/88182710712	
Coverage classify (docs-only short-circuit)	pass	8s	https://github.com/alphaonedev/ai-memory-mcp/actions/runs/29683124762/job/88182710621	
Cross-compile (aarch64-apple-ios)	pass	1m42s	https://github.com/alphaonedev/ai-memory-mcp/actions/runs/29683124745/job/88182721547	
Cross-compile (aarch64-linux-android)	pass	1m39s	https://github.com/alphaonedev/ai-memory-mcp/actions/runs/29683124745/job/88182721563	
Dockerfile build (no push)	pass	14m5s	https://github.com/alphaonedev/ai-memory-mcp/actions/runs/29683124745/job/88182721541	
Docs vs SSOT drift gate	pass	8s	https://github.com/alphaonedev/ai-memory-mcp/actions/runs/29683124756/job/88182710714	
Hardcoded-literal duplication ratchet (pm-v3.1)	pass	16s	https://github.com/alphaonedev/ai-memory-mcp/actions/runs/29683124756/job/88182710711	
L3-boundary perma-ban gate (§25.3 S5 / RQ-10	pass	8s	https://github.com/alphaonedev/ai-memory-mcp/actions/runs/29683124756/job/88182710680	
Lint (fmt + clippy)	pass	2m27s	https://github.com/alphaonedev/ai-memory-mcp/actions/runs/29683124745/job/88182721521	
MSRV (Rust 1.96)	pass	1m31s	https://github.com/alphaonedev/ai-memory-mcp/actions/runs/29683124745/job/88182721529	
Migration-ladder-uniqueness gate (guardrail-D)	pass	12s	https://github.com/alphaonedev/ai-memory-mcp/actions/runs/29683124756/job/88182710715	
Test-env $HOME-lock gate (#2146)	pass	12s	https://github.com/alphaonedev/ai-memory-mcp/actions/runs/29683124756/job/88182710669	
Test-reachable stdin-read gate (#1989)	pass	23s	https://github.com/alphaonedev/ai-memory-mcp/actions/runs/29683124756/job/88182710704	
Vendor-monoculture + SECS_PER_* lint-gate (#1174 PR10)	pass	18s	https://github.com/alphaonedev/ai-memory-mcp/actions/runs/29683124756/job/88182710672	
actionlint (workflow-injection guard)	pass	11s	https://github.com/alphaonedev/ai-memory-mcp/actions/runs/29683124745/job/88182721538	
ai-memory bench (ubuntu-latest)	pass	10m5s	https://github.com/alphaonedev/ai-memory-mcp/actions/runs/29683124777/job/88182710694	
tool-count grep gate	pass	8s	https://github.com/alphaonedev/ai-memory-mcp/actions/runs/29683124806/job/88182710725	
Check (macos-latest)	pending	0	https://github.com/alphaonedev/ai-memory-mcp/actions/runs/29683124745/job/88182721561	
Check (windows-latest)	pending	0	https://github.com/alphaonedev/ai-memory-mcp/actions/runs/29683124745/job/88182721569	
Per-Module Coverage Thresholds	pending	0	https://github.com/alphaonedev/ai-memory-mcp/actions/runs/29683124762/job/88182725042	
Regenerate bench baseline (ubuntu-latest, median-of-3)	skipping	0	https://github.com/alphaonedev/ai-memory-mcp/actions/runs/29683124777/job/88182710934	
Check (ubuntu-latest)	pending	0	https://github.com/alphaonedev/ai-memory-mcp/actions/runs/29683124745/job/88182721571	
Postgres feature gate	pending	0	https://github.com/alphaonedev/ai-memory-mcp/actions/runs/29683124745/job/88182721517	
SAL-only feature gate	pending	0	https://github.com/alphaonedev/ai-memory-mcp/actions/runs/29683124745/job/88182721552	
Refreshing checks status every 60 seconds. Press Ctrl+C to quit.

Check (ubuntu-latest)	fail	19m50s	https://github.com/alphaonedev/ai-memory-mcp/actions/runs/29683124745/job/88182721571	
C8 caller-context allowlist check	pass	15s	https://github.com/alphaonedev/ai-memory-mcp/actions/runs/29683124756/job/88182710683	
Classify changes	pass	5s	https://github.com/alphaonedev/ai-memory-mcp/actions/runs/29683124745/job/88182710625	
Cloud-init ASCII gate	pass	8s	https://github.com/alphaonedev/ai-memory-mcp/actions/runs/29683124756/job/88182710712	
Coverage classify (docs-only short-circuit)	pass	8s	https://github.com/alphaonedev/ai-memory-mcp/actions/runs/29683124762/job/88182710621	
Cross-compile (aarch64-apple-ios)	pass	1m42s	https://github.com/alphaonedev/ai-memory-mcp/actions/runs/29683124745/job/88182721547	
Cross-compile (aarch64-linux-android)	pass	1m39s	https://github.com/alphaonedev/ai-memory-mcp/actions/runs/29683124745/job/88182721563	
Dockerfile build (no push)	pass	14m5s	https://github.com/alphaonedev/ai-memory-mcp/actions/runs/29683124745/job/88182721541	
Docs vs SSOT drift gate	pass	8s	https://github.com/alphaonedev/ai-memory-mcp/actions/runs/29683124756/job/88182710714	
Hardcoded-literal duplication ratchet (pm-v3.1)	pass	16s	https://github.com/alphaonedev/ai-memory-mcp/actions/runs/29683124756/job/88182710711	
Check (macos-latest)	pending	0	https://github.com/alphaonedev/ai-memory-mcp/actions/runs/29683124745/job/88182721561	
MSRV (Rust 1.96)	pass	1m31s	https://github.com/alphaonedev/ai-memory-mcp/actions/runs/29683124745/job/88182721529	
ai-memory bench (ubuntu-latest)	pass	10m5s	https://github.com/alphaonedev/ai-memory-mcp/actions/runs/29683124777/job/88182710694	
Migration-ladder-uniqueness gate (guardrail-D)	pass	12s	https://github.com/alphaonedev/ai-memory-mcp/actions/runs/29683124756/job/88182710715	
actionlint (workflow-injection guard)	pass	11s	https://github.com/alphaonedev/ai-memory-mcp/actions/runs/29683124745/job/88182721538	
Lint (fmt + clippy)	pass	2m27s	https://github.com/alphaonedev/ai-memory-mcp/actions/runs/29683124745/job/88182721521	
Regenerate bench baseline (ubuntu-latest, median-of-3)	skipping	0	https://github.com/alphaonedev/ai-memory-mcp/actions/runs/29683124777/job/88182710934	
Test-env $HOME-lock gate (#2146)	pass	12s	https://github.com/alphaonedev/ai-memory-mcp/actions/runs/29683124756/job/88182710669	
tool-count grep gate	pass	8s	https://github.com/alphaonedev/ai-memory-mcp/actions/runs/29683124806/job/88182710725	
Vendor-monoculture + SECS_PER_* lint-gate (#1174 PR10)	pass	18s	https://github.com/alphaonedev/ai-memory-mcp/actions/runs/29683124756/job/88182710672	
Test-reachable stdin-read gate (#1989)	pass	23s	https://github.com/alphaonedev/ai-memory-mcp/actions/runs/29683124756/job/88182710704	
L3-boundary perma-ban gate (§25.3 S5 / RQ-10	pass	8s	https://github.com/alphaonedev/ai-memory-mcp/actions/runs/29683124756/job/88182710680	
Check (windows-latest)	pending	0	https://github.com/alphaonedev/ai-memory-mcp/actions/runs/29683124745/job/88182721569	
Per-Module Coverage Thresholds	pending	0	https://github.com/alphaonedev/ai-memory-mcp/actions/runs/29683124762/job/88182725042	
Postgres feature gate	pending	0	https://github.com/alphaonedev/ai-memory-mcp/actions/runs/29683124745/job/88182721517	
SAL-only feature gate	pending	0	https://github.com/alphaonedev/ai-memory-mcp/actions/runs/29683124745/job/88182721552	
Refreshing checks status every 60 seconds. Press Ctrl+C to quit.

Check (macos-latest)	fail	20m39s	https://github.com/alphaonedev/ai-memory-mcp/actions/runs/29683124745/job/88182721561	
Check (ubuntu-latest)	fail	19m50s	https://github.com/alphaonedev/ai-memory-mcp/actions/runs/29683124745/job/88182721571	
C8 caller-context allowlist check	pass	15s	https://github.com/alphaonedev/ai-memory-mcp/actions/runs/29683124756/job/88182710683	
Classify changes	pass	5s	https://github.com/alphaonedev/ai-memory-mcp/actions/runs/29683124745/job/88182710625	
Cloud-init ASCII gate	pass	8s	https://github.com/alphaonedev/ai-memory-mcp/actions/runs/29683124756/job/88182710712	
Coverage classify (docs-only short-circuit)	pass	8s	https://github.com/alphaonedev/ai-memory-mcp/actions/runs/29683124762/job/88182710621	
Cross-compile (aarch64-apple-ios)	pass	1m42s	https://github.com/alphaonedev/ai-memory-mcp/actions/runs/29683124745/job/88182721547	
Cross-compile (aarch64-linux-android)	pass	1m39s	https://github.com/alphaonedev/ai-memory-mcp/actions/runs/29683124745/job/88182721563	
Dockerfile build (no push)	pass	14m5s	https://github.com/alphaonedev/ai-memory-mcp/actions/runs/29683124745/job/88182721541	
Docs vs SSOT drift gate	pass	8s	https://github.com/alphaonedev/ai-memory-mcp/actions/runs/29683124756/job/88182710714	
Hardcoded-literal duplication ratchet (pm-v3.1)	pass	16s	https://github.com/alphaonedev/ai-memory-mcp/actions/runs/29683124756/job/88182710711	
L3-boundary perma-ban gate (§25.3 S5 / RQ-10	pass	8s	https://github.com/alphaonedev/ai-memory-mcp/actions/runs/29683124756/job/88182710680	
Lint (fmt + clippy)	pass	2m27s	https://github.com/alphaonedev/ai-memory-mcp/actions/runs/29683124745/job/88182721521	
MSRV (Rust 1.96)	pass	1m31s	https://github.com/alphaonedev/ai-memory-mcp/actions/runs/29683124745/job/88182721529	
Migration-ladder-uniqueness gate (guardrail-D)	pass	12s	https://github.com/alphaonedev/ai-memory-mcp/actions/runs/29683124756/job/88182710715	
actionlint (workflow-injection guard)	pass	11s	https://github.com/alphaonedev/ai-memory-mcp/actions/runs/29683124745/job/88182721538	
ai-memory bench (ubuntu-latest)	pass	10m5s	https://github.com/alphaonedev/ai-memory-mcp/actions/runs/29683124777/job/88182710694	
Check (windows-latest)	pending	0	https://github.com/alphaonedev/ai-memory-mcp/actions/runs/29683124745/job/88182721569	
Per-Module Coverage Thresholds	pending	0	https://github.com/alphaonedev/ai-memory-mcp/actions/runs/29683124762/job/88182725042	
Postgres feature gate	pending	0	https://github.com/alphaonedev/ai-memory-mcp/actions/runs/29683124745/job/88182721517	
SAL-only feature gate	pass	20m47s	https://github.com/alphaonedev/ai-memory-mcp/actions/runs/29683124745/job/88182721552	
Test-env $HOME-lock gate (#2146)	pass	12s	https://github.com/alphaonedev/ai-memory-mcp/actions/runs/29683124756/job/88182710669	
Test-reachable stdin-read gate (#1989)	pass	23s	https://github.com/alphaonedev/ai-memory-mcp/actions/runs/29683124756/job/88182710704	
Vendor-monoculture + SECS_PER_* lint-gate (#1174 PR10)	pass	18s	https://github.com/alphaonedev/ai-memory-mcp/actions/runs/29683124756/job/88182710672	
tool-count grep gate	pass	8s	https://github.com/alphaonedev/ai-memory-mcp/actions/runs/29683124806/job/88182710725	
Regenerate bench baseline (ubuntu-latest, median-of-3)	skipping	0	https://github.com/alphaonedev/ai-memory-mcp/actions/runs/29683124777/job/88182710934	
Refreshing checks status every 60 seconds. Press Ctrl+C to quit.

C8 caller-context allowlist check	pending	0	https://github.com/alphaonedev/ai-memory-mcp/actions/runs/29683777541/job/88184468100	
Vendor-monoculture + SECS_PER_* lint-gate (#1174 PR10)	pending	0	https://github.com/alphaonedev/ai-memory-mcp/actions/runs/29683777541/job/88184468104	
ai-memory bench (ubuntu-latest)	pending	0	https://github.com/alphaonedev/ai-memory-mcp/actions/runs/29683777551/job/88184468203	
tool-count grep gate	pending	0	https://github.com/alphaonedev/ai-memory-mcp/actions/runs/29683777543/job/88184468280	
Regenerate bench baseline (ubuntu-latest, median-of-3)	skipping	0	https://github.com/alphaonedev/ai-memory-mcp/actions/runs/29683777551/job/88184468465	
Cloud-init ASCII gate	pending	0	https://github.com/alphaonedev/ai-memory-mcp/actions/runs/29683777541/job/88184468102	
Docs vs SSOT drift gate	pending	0	https://github.com/alphaonedev/ai-memory-mcp/actions/runs/29683777541/job/88184468096	
Hardcoded-literal duplication ratchet (pm-v3.1)	pending	0	https://github.com/alphaonedev/ai-memory-mcp/actions/runs/29683777541/job/88184468083	
L3-boundary perma-ban gate (§25.3 S5 / RQ-10	pending	0	https://github.com/alphaonedev/ai-memory-mcp/actions/runs/29683777541/job/88184468089	
Migration-ladder-uniqueness gate (guardrail-D)	pending	0	https://github.com/alphaonedev/ai-memory-mcp/actions/runs/29683777541/job/88184468094	
Test-env $HOME-lock gate (#2146)	pending	0	https://github.com/alphaonedev/ai-memory-mcp/actions/runs/29683777541/job/88184468088	
Test-reachable stdin-read gate (#1989)	pending	0	https://github.com/alphaonedev/ai-memory-mcp/actions/runs/29683777541/job/88184468078	
Refreshing checks status every 60 seconds. Press Ctrl+C to quit.

Coverage classify (docs-only short-circuit)	pass	9s	https://github.com/alphaonedev/ai-memory-mcp/actions/runs/29683777546/job/88184489633	
Docs vs SSOT drift gate	pass	11s	https://github.com/alphaonedev/ai-memory-mcp/actions/runs/29683777541/job/88184468096	
Hardcoded-literal duplication ratchet (pm-v3.1)	pass	17s	https://github.com/alphaonedev/ai-memory-mcp/actions/runs/29683777541/job/88184468083	
L3-boundary perma-ban gate (§25.3 S5 / RQ-10	pass	6s	https://github.com/alphaonedev/ai-memory-mcp/actions/runs/29683777541/job/88184468089	
Test-env $HOME-lock gate (#2146)	pass	11s	https://github.com/alphaonedev/ai-memory-mcp/actions/runs/29683777541/job/88184468088	
Test-reachable stdin-read gate (#1989)	pass	22s	https://github.com/alphaonedev/ai-memory-mcp/actions/runs/29683777541/job/88184468078	
Per-Module Coverage Thresholds	pending	0	https://github.com/alphaonedev/ai-memory-mcp/actions/runs/29683777546/job/88184526651	
ai-memory bench (ubuntu-latest)	pending	0	https://github.com/alphaonedev/ai-memory-mcp/actions/runs/29683777551/job/88184468203	
tool-count grep gate	pass	10s	https://github.com/alphaonedev/ai-memory-mcp/actions/runs/29683777543/job/88184468280	
Classify changes	pending	0	https://github.com/alphaonedev/ai-memory-mcp/actions/runs/29683777545/job/88184487687	
Regenerate bench baseline (ubuntu-latest, median-of-3)	skipping	0	https://github.com/alphaonedev/ai-memory-mcp/actions/runs/29683777551/job/88184468465	
C8 caller-context allowlist check	pending	0	https://github.com/alphaonedev/ai-memory-mcp/actions/runs/29683777541/job/88184468100	
Cloud-init ASCII gate	pending	0	https://github.com/alphaonedev/ai-memory-mcp/actions/runs/29683777541/job/88184468102	
Migration-ladder-uniqueness gate (guardrail-D)	pending	0	https://github.com/alphaonedev/ai-memory-mcp/actions/runs/29683777541/job/88184468094	
Vendor-monoculture + SECS_PER_* lint-gate (#1174 PR10)	pending	0	https://github.com/alphaonedev/ai-memory-mcp/actions/runs/29683777541/job/88184468104	
Refreshing checks status every 60 seconds. Press Ctrl+C to quit.

Coverage classify (docs-only short-circuit)	pass	9s	https://github.com/alphaonedev/ai-memory-mcp/actions/runs/29683777546/job/88184489633	
Docs vs SSOT drift gate	pass	11s	https://github.com/alphaonedev/ai-memory-mcp/actions/runs/29683777541/job/88184468096	
Hardcoded-literal duplication ratchet (pm-v3.1)	pass	17s	https://github.com/alphaonedev/ai-memory-mcp/actions/runs/29683777541/job/88184468083	
L3-boundary perma-ban gate (§25.3 S5 / RQ-10	pass	6s	https://github.com/alphaonedev/ai-memory-mcp/actions/runs/29683777541/job/88184468089	
Test-env $HOME-lock gate (#2146)	pass	11s	https://github.com/alphaonedev/ai-memory-mcp/actions/runs/29683777541/job/88184468088	
Test-reachable stdin-read gate (#1989)	pass	22s	https://github.com/alphaonedev/ai-memory-mcp/actions/runs/29683777541/job/88184468078	
Per-Module Coverage Thresholds	pending	0	https://github.com/alphaonedev/ai-memory-mcp/actions/runs/29683777546/job/88184526651	
ai-memory bench (ubuntu-latest)	pending	0	https://github.com/alphaonedev/ai-memory-mcp/actions/runs/29683777551/job/88184468203	
tool-count grep gate	pass	10s	https://github.com/alphaonedev/ai-memory-mcp/actions/runs/29683777543/job/88184468280	
Classify changes	pending	0	https://github.com/alphaonedev/ai-memory-mcp/actions/runs/29683777545/job/88184487687	
Regenerate bench baseline (ubuntu-latest, median-of-3)	skipping	0	https://github.com/alphaonedev/ai-memory-mcp/actions/runs/29683777551/job/88184468465	
C8 caller-context allowlist check	pending	0	https://github.com/alphaonedev/ai-memory-mcp/actions/runs/29683777541/job/88184468100	
Cloud-init ASCII gate	pending	0	https://github.com/alphaonedev/ai-memory-mcp/actions/runs/29683777541/job/88184468102	
Migration-ladder-uniqueness gate (guardrail-D)	pending	0	https://github.com/alphaonedev/ai-memory-mcp/actions/runs/29683777541/job/88184468094	
Vendor-monoculture + SECS_PER_* lint-gate (#1174 PR10)	pending	0	https://github.com/alphaonedev/ai-memory-mcp/actions/runs/29683777541/job/88184468104	
Refreshing checks status every 60 seconds. Press Ctrl+C to quit.

C8 caller-context allowlist check	pass	13s	https://github.com/alphaonedev/ai-memory-mcp/actions/runs/29683777541/job/88184468100	
Coverage classify (docs-only short-circuit)	pass	9s	https://github.com/alphaonedev/ai-memory-mcp/actions/runs/29683777546/job/88184489633	
Docs vs SSOT drift gate	pass	11s	https://github.com/alphaonedev/ai-memory-mcp/actions/runs/29683777541/job/88184468096	
Hardcoded-literal duplication ratchet (pm-v3.1)	pass	17s	https://github.com/alphaonedev/ai-memory-mcp/actions/runs/29683777541/job/88184468083	
Per-Module Coverage Thresholds	pending	0	https://github.com/alphaonedev/ai-memory-mcp/actions/runs/29683777546/job/88184526651	
L3-boundary perma-ban gate (§25.3 S5 / RQ-10	pass	6s	https://github.com/alphaonedev/ai-memory-mcp/actions/runs/29683777541/job/88184468089	
ai-memory bench (ubuntu-latest)	pending	0	https://github.com/alphaonedev/ai-memory-mcp/actions/runs/29683777551/job/88184468203	
Migration-ladder-uniqueness gate (guardrail-D)	pass	12s	https://github.com/alphaonedev/ai-memory-mcp/actions/runs/29683777541/job/88184468094	
Test-env $HOME-lock gate (#2146)	pass	11s	https://github.com/alphaonedev/ai-memory-mcp/actions/runs/29683777541/job/88184468088	
Test-reachable stdin-read gate (#1989)	pass	22s	https://github.com/alphaonedev/ai-memory-mcp/actions/runs/29683777541/job/88184468078	
tool-count grep gate	pass	10s	https://github.com/alphaonedev/ai-memory-mcp/actions/runs/29683777543/job/88184468280	
Classify changes	pending	0	https://github.com/alphaonedev/ai-memory-mcp/actions/runs/29683777545/job/88184487687	
Cloud-init ASCII gate	pending	0	https://github.com/alphaonedev/ai-memory-mcp/actions/runs/29683777541/job/88184468102	
Regenerate bench baseline (ubuntu-latest, median-of-3)	skipping	0	https://github.com/alphaonedev/ai-memory-mcp/actions/runs/29683777551/job/88184468465	
Vendor-monoculture + SECS_PER_* lint-gate (#1174 PR10)	pending	0	https://github.com/alphaonedev/ai-memory-mcp/actions/runs/29683777541/job/88184468104	
Refreshing checks status every 60 seconds. Press Ctrl+C to quit.

C8 caller-context allowlist check	pass	13s	https://github.com/alphaonedev/ai-memory-mcp/actions/runs/29683777541/job/88184468100	
Classify changes	pass	8s	https://github.com/alphaonedev/ai-memory-mcp/actions/runs/29683777545/job/88184487687	
SAL-only feature gate	pending	0	https://github.com/alphaonedev/ai-memory-mcp/actions/runs/29683777545/job/88184737410	
Vendor-monoculture + SECS_PER_* lint-gate (#1174 PR10)	pass	18s	https://github.com/alphaonedev/ai-memory-mcp/actions/runs/29683777541/job/88184468104	
Cross-compile (aarch64-linux-android)	pending	0	https://github.com/alphaonedev/ai-memory-mcp/actions/runs/29683777545/job/88184737459	
Cloud-init ASCII gate	pass	7s	https://github.com/alphaonedev/ai-memory-mcp/actions/runs/29683777541/job/88184468102	
Check (macos-latest)	pending	0	https://github.com/alphaonedev/ai-memory-mcp/actions/runs/29683777545/job/88184737486	
Cross-compile (aarch64-apple-ios)	pending	0	https://github.com/alphaonedev/ai-memory-mcp/actions/runs/29683777545/job/88184737430	
Postgres feature gate	pending	0	https://github.com/alphaonedev/ai-memory-mcp/actions/runs/29683777545/job/88184737406	
MSRV (Rust 1.96)	pending	0	https://github.com/alphaonedev/ai-memory-mcp/actions/runs/29683777545/job/88184737428	
Check (windows-latest)	pending	0	https://github.com/alphaonedev/ai-memory-mcp/actions/runs/29683777545/job/88184737477	
Check (ubuntu-latest)	pending	0	https://github.com/alphaonedev/ai-memory-mcp/actions/runs/29683777545/job/88184737476	
Lint (fmt + clippy)	pending	0	https://github.com/alphaonedev/ai-memory-mcp/actions/runs/29683777545/job/88184737419	
Per-Module Coverage Thresholds	pending	0	https://github.com/alphaonedev/ai-memory-mcp/actions/runs/29683777546/job/88184526651	
Dockerfile build (no push)	pending	0	https://github.com/alphaonedev/ai-memory-mcp/actions/runs/29683777545/job/88184737434	
Regenerate bench baseline (ubuntu-latest, median-of-3)	skipping	0	https://github.com/alphaonedev/ai-memory-mcp/actions/runs/29683777551/job/88184468465	
Migration-ladder-uniqueness gate (guardrail-D)	pass	12s	https://github.com/alphaonedev/ai-memory-mcp/actions/runs/29683777541/job/88184468094	
tool-count grep gate	pass	10s	https://github.com/alphaonedev/ai-memory-mcp/actions/runs/29683777543/job/88184468280	
L3-boundary perma-ban gate (§25.3 S5 / RQ-10	pass	6s	https://github.com/alphaonedev/ai-memory-mcp/actions/runs/29683777541/job/88184468089	
Docs vs SSOT drift gate	pass	11s	https://github.com/alphaonedev/ai-memory-mcp/actions/runs/29683777541/job/88184468096	
Coverage classify (docs-only short-circuit)	pass	9s	https://github.com/alphaonedev/ai-memory-mcp/actions/runs/29683777546/job/88184489633	
Test-env $HOME-lock gate (#2146)	pass	11s	https://github.com/alphaonedev/ai-memory-mcp/actions/runs/29683777541/job/88184468088	
Test-reachable stdin-read gate (#1989)	pass	22s	https://github.com/alphaonedev/ai-memory-mcp/actions/runs/29683777541/job/88184468078	
Hardcoded-literal duplication ratchet (pm-v3.1)	pass	17s	https://github.com/alphaonedev/ai-memory-mcp/actions/runs/29683777541/job/88184468083	
actionlint (workflow-injection guard)	pending	0	https://github.com/alphaonedev/ai-memory-mcp/actions/runs/29683777545/job/88184737438	
ai-memory bench (ubuntu-latest)	pending	0	https://github.com/alphaonedev/ai-memory-mcp/actions/runs/29683777551/job/88184468203	
Refreshing checks status every 60 seconds. Press Ctrl+C to quit.

C8 caller-context allowlist check	pass	13s	https://github.com/alphaonedev/ai-memory-mcp/actions/runs/29683777541/job/88184468100	
Classify changes	pass	8s	https://github.com/alphaonedev/ai-memory-mcp/actions/runs/29683777545/job/88184487687	
SAL-only feature gate	pending	0	https://github.com/alphaonedev/ai-memory-mcp/actions/runs/29683777545/job/88184737410	
Vendor-monoculture + SECS_PER_* lint-gate (#1174 PR10)	pass	18s	https://github.com/alphaonedev/ai-memory-mcp/actions/runs/29683777541/job/88184468104	
Lint (fmt + clippy)	pending	0	https://github.com/alphaonedev/ai-memory-mcp/actions/runs/29683777545/job/88184737419	
Cloud-init ASCII gate	pass	7s	https://github.com/alphaonedev/ai-memory-mcp/actions/runs/29683777541/job/88184468102	
Postgres feature gate	pending	0	https://github.com/alphaonedev/ai-memory-mcp/actions/runs/29683777545/job/88184737406	
Per-Module Coverage Thresholds	pending	0	https://github.com/alphaonedev/ai-memory-mcp/actions/runs/29683777546/job/88184526651	
Check (windows-latest)	pending	0	https://github.com/alphaonedev/ai-memory-mcp/actions/runs/29683777545/job/88184737477	
Check (macos-latest)	pending	0	https://github.com/alphaonedev/ai-memory-mcp/actions/runs/29683777545/job/88184737486	
Dockerfile build (no push)	pending	0	https://github.com/alphaonedev/ai-memory-mcp/actions/runs/29683777545/job/88184737434	
Check (ubuntu-latest)	pending	0	https://github.com/alphaonedev/ai-memory-mcp/actions/runs/29683777545/job/88184737476	
Cross-compile (aarch64-apple-ios)	pending	0	https://github.com/alphaonedev/ai-memory-mcp/actions/runs/29683777545/job/88184737430	
MSRV (Rust 1.96)	pending	0	https://github.com/alphaonedev/ai-memory-mcp/actions/runs/29683777545/job/88184737428	
actionlint (workflow-injection guard)	pass	14s	https://github.com/alphaonedev/ai-memory-mcp/actions/runs/29683777545/job/88184737438	
Cross-compile (aarch64-linux-android)	pending	0	https://github.com/alphaonedev/ai-memory-mcp/actions/runs/29683777545/job/88184737459	
Migration-ladder-uniqueness gate (guardrail-D)	pass	12s	https://github.com/alphaonedev/ai-memory-mcp/actions/runs/29683777541/job/88184468094	
Regenerate bench baseline (ubuntu-latest, median-of-3)	skipping	0	https://github.com/alphaonedev/ai-memory-mcp/actions/runs/29683777551/job/88184468465	
L3-boundary perma-ban gate (§25.3 S5 / RQ-10	pass	6s	https://github.com/alphaonedev/ai-memory-mcp/actions/runs/29683777541/job/88184468089	
Docs vs SSOT drift gate	pass	11s	https://github.com/alphaonedev/ai-memory-mcp/actions/runs/29683777541/job/88184468096	
Coverage classify (docs-only short-circuit)	pass	9s	https://github.com/alphaonedev/ai-memory-mcp/actions/runs/29683777546/job/88184489633	
Test-env $HOME-lock gate (#2146)	pass	11s	https://github.com/alphaonedev/ai-memory-mcp/actions/runs/29683777541/job/88184468088	
Test-reachable stdin-read gate (#1989)	pass	22s	https://github.com/alphaonedev/ai-memory-mcp/actions/runs/29683777541/job/88184468078	
Hardcoded-literal duplication ratchet (pm-v3.1)	pass	17s	https://github.com/alphaonedev/ai-memory-mcp/actions/runs/29683777541/job/88184468083	
tool-count grep gate	pass	10s	https://github.com/alphaonedev/ai-memory-mcp/actions/runs/29683777543/job/88184468280	
ai-memory bench (ubuntu-latest)	pending	0	https://github.com/alphaonedev/ai-memory-mcp/actions/runs/29683777551/job/88184468203	
Refreshing checks status every 60 seconds. Press Ctrl+C to quit.

C8 caller-context allowlist check	pass	13s	https://github.com/alphaonedev/ai-memory-mcp/actions/runs/29683777541/job/88184468100	
Classify changes	pass	8s	https://github.com/alphaonedev/ai-memory-mcp/actions/runs/29683777545/job/88184487687	
Cloud-init ASCII gate	pass	7s	https://github.com/alphaonedev/ai-memory-mcp/actions/runs/29683777541/job/88184468102	
Coverage classify (docs-only short-circuit)	pass	9s	https://github.com/alphaonedev/ai-memory-mcp/actions/runs/29683777546/job/88184489633	
Docs vs SSOT drift gate	pass	11s	https://github.com/alphaonedev/ai-memory-mcp/actions/runs/29683777541/job/88184468096	
Hardcoded-literal duplication ratchet (pm-v3.1)	pass	17s	https://github.com/alphaonedev/ai-memory-mcp/actions/runs/29683777541/job/88184468083	
L3-boundary perma-ban gate (§25.3 S5 / RQ-10	pass	6s	https://github.com/alphaonedev/ai-memory-mcp/actions/runs/29683777541/job/88184468089	
Check (windows-latest)	pending	0	https://github.com/alphaonedev/ai-memory-mcp/actions/runs/29683777545/job/88184737477	
Regenerate bench baseline (ubuntu-latest, median-of-3)	skipping	0	https://github.com/alphaonedev/ai-memory-mcp/actions/runs/29683777551/job/88184468465	
tool-count grep gate	pass	10s	https://github.com/alphaonedev/ai-memory-mcp/actions/runs/29683777543/job/88184468280	
Check (ubuntu-latest)	pending	0	https://github.com/alphaonedev/ai-memory-mcp/actions/runs/29683777545/job/88184737476	
Check (macos-latest)	pending	0	https://github.com/alphaonedev/ai-memory-mcp/actions/runs/29683777545/job/88184737486	
MSRV (Rust 1.96)	pass	1m41s	https://github.com/alphaonedev/ai-memory-mcp/actions/runs/29683777545/job/88184737428	
Vendor-monoculture + SECS_PER_* lint-gate (#1174 PR10)	pass	18s	https://github.com/alphaonedev/ai-memory-mcp/actions/runs/29683777541/job/88184468104	
actionlint (workflow-injection guard)	pass	14s	https://github.com/alphaonedev/ai-memory-mcp/actions/runs/29683777545/job/88184737438	
Test-reachable stdin-read gate (#1989)	pass	22s	https://github.com/alphaonedev/ai-memory-mcp/actions/runs/29683777541/job/88184468078	
Migration-ladder-uniqueness gate (guardrail-D)	pass	12s	https://github.com/alphaonedev/ai-memory-mcp/actions/runs/29683777541/job/88184468094	
Test-env $HOME-lock gate (#2146)	pass	11s	https://github.com/alphaonedev/ai-memory-mcp/actions/runs/29683777541/job/88184468088	
Cross-compile (aarch64-apple-ios)	pending	0	https://github.com/alphaonedev/ai-memory-mcp/actions/runs/29683777545/job/88184737430	
Cross-compile (aarch64-linux-android)	pending	0	https://github.com/alphaonedev/ai-memory-mcp/actions/runs/29683777545/job/88184737459	
Dockerfile build (no push)	pending	0	https://github.com/alphaonedev/ai-memory-mcp/actions/runs/29683777545/job/88184737434	
Lint (fmt + clippy)	pending	0	https://github.com/alphaonedev/ai-memory-mcp/actions/runs/29683777545/job/88184737419	
Per-Module Coverage Thresholds	pending	0	https://github.com/alphaonedev/ai-memory-mcp/actions/runs/29683777546/job/88184526651	
Postgres feature gate	pending	0	https://github.com/alphaonedev/ai-memory-mcp/actions/runs/29683777545/job/88184737406	
SAL-only feature gate	pending	0	https://github.com/alphaonedev/ai-memory-mcp/actions/runs/29683777545/job/88184737410	
ai-memory bench (ubuntu-latest)	pending	0	https://github.com/alphaonedev/ai-memory-mcp/actions/runs/29683777551/job/88184468203	
Refreshing checks status every 60 seconds. Press Ctrl+C to quit.

C8 caller-context allowlist check	pass	13s	https://github.com/alphaonedev/ai-memory-mcp/actions/runs/29683777541/job/88184468100	
Classify changes	pass	8s	https://github.com/alphaonedev/ai-memory-mcp/actions/runs/29683777545/job/88184487687	
Cloud-init ASCII gate	pass	7s	https://github.com/alphaonedev/ai-memory-mcp/actions/runs/29683777541/job/88184468102	
Coverage classify (docs-only short-circuit)	pass	9s	https://github.com/alphaonedev/ai-memory-mcp/actions/runs/29683777546/job/88184489633	
Cross-compile (aarch64-apple-ios)	pass	1m4s	https://github.com/alphaonedev/ai-memory-mcp/actions/runs/29683777545/job/88184737430	
Docs vs SSOT drift gate	pass	11s	https://github.com/alphaonedev/ai-memory-mcp/actions/runs/29683777541/job/88184468096	
Hardcoded-literal duplication ratchet (pm-v3.1)	pass	17s	https://github.com/alphaonedev/ai-memory-mcp/actions/runs/29683777541/job/88184468083	
L3-boundary perma-ban gate (§25.3 S5 / RQ-10	pass	6s	https://github.com/alphaonedev/ai-memory-mcp/actions/runs/29683777541/job/88184468089	
Lint (fmt + clippy)	pass	2m39s	https://github.com/alphaonedev/ai-memory-mcp/actions/runs/29683777545/job/88184737419	
MSRV (Rust 1.96)	pass	1m41s	https://github.com/alphaonedev/ai-memory-mcp/actions/runs/29683777545/job/88184737428	
Migration-ladder-uniqueness gate (guardrail-D)	pass	12s	https://github.com/alphaonedev/ai-memory-mcp/actions/runs/29683777541/job/88184468094	
Check (ubuntu-latest)	pending	0	https://github.com/alphaonedev/ai-memory-mcp/actions/runs/29683777545/job/88184737476	
Regenerate bench baseline (ubuntu-latest, median-of-3)	skipping	0	https://github.com/alphaonedev/ai-memory-mcp/actions/runs/29683777551/job/88184468465	
Vendor-monoculture + SECS_PER_* lint-gate (#1174 PR10)	pass	18s	https://github.com/alphaonedev/ai-memory-mcp/actions/runs/29683777541/job/88184468104	
actionlint (workflow-injection guard)	pass	14s	https://github.com/alphaonedev/ai-memory-mcp/actions/runs/29683777545/job/88184737438	
tool-count grep gate	pass	10s	https://github.com/alphaonedev/ai-memory-mcp/actions/runs/29683777543/job/88184468280	
Test-reachable stdin-read gate (#1989)	pass	22s	https://github.com/alphaonedev/ai-memory-mcp/actions/runs/29683777541/job/88184468078	
Test-env $HOME-lock gate (#2146)	pass	11s	https://github.com/alphaonedev/ai-memory-mcp/actions/runs/29683777541/job/88184468088	
Check (macos-latest)	pending	0	https://github.com/alphaonedev/ai-memory-mcp/actions/runs/29683777545/job/88184737486	
Check (windows-latest)	pending	0	https://github.com/alphaonedev/ai-memory-mcp/actions/runs/29683777545/job/88184737477	
Cross-compile (aarch64-linux-android)	pending	0	https://github.com/alphaonedev/ai-memory-mcp/actions/runs/29683777545/job/88184737459	
Dockerfile build (no push)	pending	0	https://github.com/alphaonedev/ai-memory-mcp/actions/runs/29683777545/job/88184737434	
Per-Module Coverage Thresholds	pending	0	https://github.com/alphaonedev/ai-memory-mcp/actions/runs/29683777546/job/88184526651	
Postgres feature gate	pending	0	https://github.com/alphaonedev/ai-memory-mcp/actions/runs/29683777545/job/88184737406	
SAL-only feature gate	pending	0	https://github.com/alphaonedev/ai-memory-mcp/actions/runs/29683777545/job/88184737410	
ai-memory bench (ubuntu-latest)	pending	0	https://github.com/alphaonedev/ai-memory-mcp/actions/runs/29683777551/job/88184468203	
Refreshing checks status every 60 seconds. Press Ctrl+C to quit.

C8 caller-context allowlist check	pass	13s	https://github.com/alphaonedev/ai-memory-mcp/actions/runs/29683777541/job/88184468100	
Classify changes	pass	8s	https://github.com/alphaonedev/ai-memory-mcp/actions/runs/29683777545/job/88184487687	
Cloud-init ASCII gate	pass	7s	https://github.com/alphaonedev/ai-memory-mcp/actions/runs/29683777541/job/88184468102	
Coverage classify (docs-only short-circuit)	pass	9s	https://github.com/alphaonedev/ai-memory-mcp/actions/runs/29683777546/job/88184489633	
Cross-compile (aarch64-apple-ios)	pass	1m4s	https://github.com/alphaonedev/ai-memory-mcp/actions/runs/29683777545/job/88184737430	
Cross-compile (aarch64-linux-android)	pass	1m30s	https://github.com/alphaonedev/ai-memory-mcp/actions/runs/29683777545/job/88184737459	
Docs vs SSOT drift gate	pass	11s	https://github.com/alphaonedev/ai-memory-mcp/actions/runs/29683777541/job/88184468096	
Hardcoded-literal duplication ratchet (pm-v3.1)	pass	17s	https://github.com/alphaonedev/ai-memory-mcp/actions/runs/29683777541/job/88184468083	
L3-boundary perma-ban gate (§25.3 S5 / RQ-10	pass	6s	https://github.com/alphaonedev/ai-memory-mcp/actions/runs/29683777541/job/88184468089	
ai-memory bench (ubuntu-latest)	pending	0	https://github.com/alphaonedev/ai-memory-mcp/actions/runs/29683777551/job/88184468203	
Postgres feature gate	pending	0	https://github.com/alphaonedev/ai-memory-mcp/actions/runs/29683777545/job/88184737406	
Per-Module Coverage Thresholds	pending	0	https://github.com/alphaonedev/ai-memory-mcp/actions/runs/29683777546/job/88184526651	
Lint (fmt + clippy)	pass	2m39s	https://github.com/alphaonedev/ai-memory-mcp/actions/runs/29683777545/job/88184737419	
Vendor-monoculture + SECS_PER_* lint-gate (#1174 PR10)	pass	18s	https://github.com/alphaonedev/ai-memory-mcp/actions/runs/29683777541/job/88184468104	
MSRV (Rust 1.96)	pass	1m41s	https://github.com/alphaonedev/ai-memory-mcp/actions/runs/29683777545/job/88184737428	
actionlint (workflow-injection guard)	pass	14s	https://github.com/alphaonedev/ai-memory-mcp/actions/runs/29683777545/job/88184737438	
Migration-ladder-uniqueness gate (guardrail-D)	pass	12s	https://github.com/alphaonedev/ai-memory-mcp/actions/runs/29683777541/job/88184468094	
SAL-only feature gate	pending	0	https://github.com/alphaonedev/ai-memory-mcp/actions/runs/29683777545/job/88184737410	
Check (macos-latest)	pending	0	https://github.com/alphaonedev/ai-memory-mcp/actions/runs/29683777545/job/88184737486	
Check (windows-latest)	pending	0	https://github.com/alphaonedev/ai-memory-mcp/actions/runs/29683777545/job/88184737477	
Check (ubuntu-latest)	pending	0	https://github.com/alphaonedev/ai-memory-mcp/actions/runs/29683777545/job/88184737476	
Test-env $HOME-lock gate (#2146)	pass	11s	https://github.com/alphaonedev/ai-memory-mcp/actions/runs/29683777541/job/88184468088	
Test-reachable stdin-read gate (#1989)	pass	22s	https://github.com/alphaonedev/ai-memory-mcp/actions/runs/29683777541/job/88184468078	
Dockerfile build (no push)	pending	0	https://github.com/alphaonedev/ai-memory-mcp/actions/runs/29683777545/job/88184737434	
tool-count grep gate	pass	10s	https://github.com/alphaonedev/ai-memory-mcp/actions/runs/29683777543/job/88184468280	
Regenerate bench baseline (ubuntu-latest, median-of-3)	skipping	0	https://github.com/alphaonedev/ai-memory-mcp/actions/runs/29683777551/job/88184468465	
Refreshing checks status every 60 seconds. Press Ctrl+C to quit.

C8 caller-context allowlist check	pass	13s	https://github.com/alphaonedev/ai-memory-mcp/actions/runs/29683777541/job/88184468100	
Classify changes	pass	8s	https://github.com/alphaonedev/ai-memory-mcp/actions/runs/29683777545/job/88184487687	
Cloud-init ASCII gate	pass	7s	https://github.com/alphaonedev/ai-memory-mcp/actions/runs/29683777541/job/88184468102	
Coverage classify (docs-only short-circuit)	pass	9s	https://github.com/alphaonedev/ai-memory-mcp/actions/runs/29683777546/job/88184489633	
Cross-compile (aarch64-apple-ios)	pass	1m4s	https://github.com/alphaonedev/ai-memory-mcp/actions/runs/29683777545/job/88184737430	
Cross-compile (aarch64-linux-android)	pass	1m30s	https://github.com/alphaonedev/ai-memory-mcp/actions/runs/29683777545/job/88184737459	
Docs vs SSOT drift gate	pass	11s	https://github.com/alphaonedev/ai-memory-mcp/actions/runs/29683777541/job/88184468096	
Hardcoded-literal duplication ratchet (pm-v3.1)	pass	17s	https://github.com/alphaonedev/ai-memory-mcp/actions/runs/29683777541/job/88184468083	
L3-boundary perma-ban gate (§25.3 S5 / RQ-10	pass	6s	https://github.com/alphaonedev/ai-memory-mcp/actions/runs/29683777541/job/88184468089	
ai-memory bench (ubuntu-latest)	pending	0	https://github.com/alphaonedev/ai-memory-mcp/actions/runs/29683777551/job/88184468203	
Postgres feature gate	pending	0	https://github.com/alphaonedev/ai-memory-mcp/actions/runs/29683777545/job/88184737406	
Per-Module Coverage Thresholds	pending	0	https://github.com/alphaonedev/ai-memory-mcp/actions/runs/29683777546/job/88184526651	
Lint (fmt + clippy)	pass	2m39s	https://github.com/alphaonedev/ai-memory-mcp/actions/runs/29683777545/job/88184737419	
Vendor-monoculture + SECS_PER_* lint-gate (#1174 PR10)	pass	18s	https://github.com/alphaonedev/ai-memory-mcp/actions/runs/29683777541/job/88184468104	
MSRV (Rust 1.96)	pass	1m41s	https://github.com/alphaonedev/ai-memory-mcp/actions/runs/29683777545/job/88184737428	
actionlint (workflow-injection guard)	pass	14s	https://github.com/alphaonedev/ai-memory-mcp/actions/runs/29683777545/job/88184737438	
Migration-ladder-uniqueness gate (guardrail-D)	pass	12s	https://github.com/alphaonedev/ai-memory-mcp/actions/runs/29683777541/job/88184468094	
SAL-only feature gate	pending	0	https://github.com/alphaonedev/ai-memory-mcp/actions/runs/29683777545/job/88184737410	
Check (macos-latest)	pending	0	https://github.com/alphaonedev/ai-memory-mcp/actions/runs/29683777545/job/88184737486	
Check (windows-latest)	pending	0	https://github.com/alphaonedev/ai-memory-mcp/actions/runs/29683777545/job/88184737477	
Check (ubuntu-latest)	pending	0	https://github.com/alphaonedev/ai-memory-mcp/actions/runs/29683777545/job/88184737476	
Test-env $HOME-lock gate (#2146)	pass	11s	https://github.com/alphaonedev/ai-memory-mcp/actions/runs/29683777541/job/88184468088	
Test-reachable stdin-read gate (#1989)	pass	22s	https://github.com/alphaonedev/ai-memory-mcp/actions/runs/29683777541/job/88184468078	
Dockerfile build (no push)	pending	0	https://github.com/alphaonedev/ai-memory-mcp/actions/runs/29683777545/job/88184737434	
tool-count grep gate	pass	10s	https://github.com/alphaonedev/ai-memory-mcp/actions/runs/29683777543/job/88184468280	
Regenerate bench baseline (ubuntu-latest, median-of-3)	skipping	0	https://github.com/alphaonedev/ai-memory-mcp/actions/runs/29683777551/job/88184468465	
Refreshing checks status every 60 seconds. Press Ctrl+C to quit.

C8 caller-context allowlist check	pass	13s	https://github.com/alphaonedev/ai-memory-mcp/actions/runs/29683777541/job/88184468100	
Classify changes	pass	8s	https://github.com/alphaonedev/ai-memory-mcp/actions/runs/29683777545/job/88184487687	
Cloud-init ASCII gate	pass	7s	https://github.com/alphaonedev/ai-memory-mcp/actions/runs/29683777541/job/88184468102	
Coverage classify (docs-only short-circuit)	pass	9s	https://github.com/alphaonedev/ai-memory-mcp/actions/runs/29683777546/job/88184489633	
Cross-compile (aarch64-apple-ios)	pass	1m4s	https://github.com/alphaonedev/ai-memory-mcp/actions/runs/29683777545/job/88184737430	
Cross-compile (aarch64-linux-android)	pass	1m30s	https://github.com/alphaonedev/ai-memory-mcp/actions/runs/29683777545/job/88184737459	
Docs vs SSOT drift gate	pass	11s	https://github.com/alphaonedev/ai-memory-mcp/actions/runs/29683777541/job/88184468096	
Hardcoded-literal duplication ratchet (pm-v3.1)	pass	17s	https://github.com/alphaonedev/ai-memory-mcp/actions/runs/29683777541/job/88184468083	
L3-boundary perma-ban gate (§25.3 S5 / RQ-10	pass	6s	https://github.com/alphaonedev/ai-memory-mcp/actions/runs/29683777541/job/88184468089	
ai-memory bench (ubuntu-latest)	pending	0	https://github.com/alphaonedev/ai-memory-mcp/actions/runs/29683777551/job/88184468203	
Postgres feature gate	pending	0	https://github.com/alphaonedev/ai-memory-mcp/actions/runs/29683777545/job/88184737406	
Per-Module Coverage Thresholds	pending	0	https://github.com/alphaonedev/ai-memory-mcp/actions/runs/29683777546/job/88184526651	
Lint (fmt + clippy)	pass	2m39s	https://github.com/alphaonedev/ai-memory-mcp/actions/runs/29683777545/job/88184737419	
Vendor-monoculture + SECS_PER_* lint-gate (#1174 PR10)	pass	18s	https://github.com/alphaonedev/ai-memory-mcp/actions/runs/29683777541/job/88184468104	
MSRV (Rust 1.96)	pass	1m41s	https://github.com/alphaonedev/ai-memory-mcp/actions/runs/29683777545/job/88184737428	
actionlint (workflow-injection guard)	pass	14s	https://github.com/alphaonedev/ai-memory-mcp/actions/runs/29683777545/job/88184737438	
Migration-ladder-uniqueness gate (guardrail-D)	pass	12s	https://github.com/alphaonedev/ai-memory-mcp/actions/runs/29683777541/job/88184468094	
SAL-only feature gate	pending	0	https://github.com/alphaonedev/ai-memory-mcp/actions/runs/29683777545/job/88184737410	
Check (macos-latest)	pending	0	https://github.com/alphaonedev/ai-memory-mcp/actions/runs/29683777545/job/88184737486	
Check (windows-latest)	pending	0	https://github.com/alphaonedev/ai-memory-mcp/actions/runs/29683777545/job/88184737477	
Check (ubuntu-latest)	pending	0	https://github.com/alphaonedev/ai-memory-mcp/actions/runs/29683777545/job/88184737476	
Test-env $HOME-lock gate (#2146)	pass	11s	https://github.com/alphaonedev/ai-memory-mcp/actions/runs/29683777541/job/88184468088	
Test-reachable stdin-read gate (#1989)	pass	22s	https://github.com/alphaonedev/ai-memory-mcp/actions/runs/29683777541/job/88184468078	
Dockerfile build (no push)	pending	0	https://github.com/alphaonedev/ai-memory-mcp/actions/runs/29683777545/job/88184737434	
tool-count grep gate	pass	10s	https://github.com/alphaonedev/ai-memory-mcp/actions/runs/29683777543/job/88184468280	
Regenerate bench baseline (ubuntu-latest, median-of-3)	skipping	0	https://github.com/alphaonedev/ai-memory-mcp/actions/runs/29683777551/job/88184468465	
Refreshing checks status every 60 seconds. Press Ctrl+C to quit.

C8 caller-context allowlist check	pass	13s	https://github.com/alphaonedev/ai-memory-mcp/actions/runs/29683777541/job/88184468100	
Classify changes	pass	8s	https://github.com/alphaonedev/ai-memory-mcp/actions/runs/29683777545/job/88184487687	
Cloud-init ASCII gate	pass	7s	https://github.com/alphaonedev/ai-memory-mcp/actions/runs/29683777541/job/88184468102	
Coverage classify (docs-only short-circuit)	pass	9s	https://github.com/alphaonedev/ai-memory-mcp/actions/runs/29683777546/job/88184489633	
Cross-compile (aarch64-apple-ios)	pass	1m4s	https://github.com/alphaonedev/ai-memory-mcp/actions/runs/29683777545/job/88184737430	
Cross-compile (aarch64-linux-android)	pass	1m30s	https://github.com/alphaonedev/ai-memory-mcp/actions/runs/29683777545/job/88184737459	
Docs vs SSOT drift gate	pass	11s	https://github.com/alphaonedev/ai-memory-mcp/actions/runs/29683777541/job/88184468096	
Hardcoded-literal duplication ratchet (pm-v3.1)	pass	17s	https://github.com/alphaonedev/ai-memory-mcp/actions/runs/29683777541/job/88184468083	
L3-boundary perma-ban gate (§25.3 S5 / RQ-10	pass	6s	https://github.com/alphaonedev/ai-memory-mcp/actions/runs/29683777541/job/88184468089	
ai-memory bench (ubuntu-latest)	pending	0	https://github.com/alphaonedev/ai-memory-mcp/actions/runs/29683777551/job/88184468203	
Postgres feature gate	pending	0	https://github.com/alphaonedev/ai-memory-mcp/actions/runs/29683777545/job/88184737406	
Per-Module Coverage Thresholds	pending	0	https://github.com/alphaonedev/ai-memory-mcp/actions/runs/29683777546/job/88184526651	
Lint (fmt + clippy)	pass	2m39s	https://github.com/alphaonedev/ai-memory-mcp/actions/runs/29683777545/job/88184737419	
Vendor-monoculture + SECS_PER_* lint-gate (#1174 PR10)	pass	18s	https://github.com/alphaonedev/ai-memory-mcp/actions/runs/29683777541/job/88184468104	
MSRV (Rust 1.96)	pass	1m41s	https://github.com/alphaonedev/ai-memory-mcp/actions/runs/29683777545/job/88184737428	
actionlint (workflow-injection guard)	pass	14s	https://github.com/alphaonedev/ai-memory-mcp/actions/runs/29683777545/job/88184737438	
Migration-ladder-uniqueness gate (guardrail-D)	pass	12s	https://github.com/alphaonedev/ai-memory-mcp/actions/runs/29683777541/job/88184468094	
SAL-only feature gate	pending	0	https://github.com/alphaonedev/ai-memory-mcp/actions/runs/29683777545/job/88184737410	
Check (macos-latest)	pending	0	https://github.com/alphaonedev/ai-memory-mcp/actions/runs/29683777545/job/88184737486	
Check (windows-latest)	pending	0	https://github.com/alphaonedev/ai-memory-mcp/actions/runs/29683777545/job/88184737477	
Check (ubuntu-latest)	pending	0	https://github.com/alphaonedev/ai-memory-mcp/actions/runs/29683777545/job/88184737476	
Test-env $HOME-lock gate (#2146)	pass	11s	https://github.com/alphaonedev/ai-memory-mcp/actions/runs/29683777541/job/88184468088	
Test-reachable stdin-read gate (#1989)	pass	22s	https://github.com/alphaonedev/ai-memory-mcp/actions/runs/29683777541/job/88184468078	
Dockerfile build (no push)	pending	0	https://github.com/alphaonedev/ai-memory-mcp/actions/runs/29683777545/job/88184737434	
tool-count grep gate	pass	10s	https://github.com/alphaonedev/ai-memory-mcp/actions/runs/29683777543/job/88184468280	
Regenerate bench baseline (ubuntu-latest, median-of-3)	skipping	0	https://github.com/alphaonedev/ai-memory-mcp/actions/runs/29683777551/job/88184468465	
Refreshing checks status every 60 seconds. Press Ctrl+C to quit.

C8 caller-context allowlist check	pass	13s	https://github.com/alphaonedev/ai-memory-mcp/actions/runs/29683777541/job/88184468100	
Classify changes	pass	8s	https://github.com/alphaonedev/ai-memory-mcp/actions/runs/29683777545/job/88184487687	
Cloud-init ASCII gate	pass	7s	https://github.com/alphaonedev/ai-memory-mcp/actions/runs/29683777541/job/88184468102	
Coverage classify (docs-only short-circuit)	pass	9s	https://github.com/alphaonedev/ai-memory-mcp/actions/runs/29683777546/job/88184489633	
Cross-compile (aarch64-apple-ios)	pass	1m4s	https://github.com/alphaonedev/ai-memory-mcp/actions/runs/29683777545/job/88184737430	
Cross-compile (aarch64-linux-android)	pass	1m30s	https://github.com/alphaonedev/ai-memory-mcp/actions/runs/29683777545/job/88184737459	
Docs vs SSOT drift gate	pass	11s	https://github.com/alphaonedev/ai-memory-mcp/actions/runs/29683777541/job/88184468096	
Hardcoded-literal duplication ratchet (pm-v3.1)	pass	17s	https://github.com/alphaonedev/ai-memory-mcp/actions/runs/29683777541/job/88184468083	
L3-boundary perma-ban gate (§25.3 S5 / RQ-10	pass	6s	https://github.com/alphaonedev/ai-memory-mcp/actions/runs/29683777541/job/88184468089	
Lint (fmt + clippy)	pass	2m39s	https://github.com/alphaonedev/ai-memory-mcp/actions/runs/29683777545/job/88184737419	
MSRV (Rust 1.96)	pass	1m41s	https://github.com/alphaonedev/ai-memory-mcp/actions/runs/29683777545/job/88184737428	
Migration-ladder-uniqueness gate (guardrail-D)	pass	12s	https://github.com/alphaonedev/ai-memory-mcp/actions/runs/29683777541/job/88184468094	
Test-env $HOME-lock gate (#2146)	pass	11s	https://github.com/alphaonedev/ai-memory-mcp/actions/runs/29683777541/job/88184468088	
Test-reachable stdin-read gate (#1989)	pass	22s	https://github.com/alphaonedev/ai-memory-mcp/actions/runs/29683777541/job/88184468078	
Vendor-monoculture + SECS_PER_* lint-gate (#1174 PR10)	pass	18s	https://github.com/alphaonedev/ai-memory-mcp/actions/runs/29683777541/job/88184468104	
actionlint (workflow-injection guard)	pass	14s	https://github.com/alphaonedev/ai-memory-mcp/actions/runs/29683777545/job/88184737438	
SAL-only feature gate	pending	0	https://github.com/alphaonedev/ai-memory-mcp/actions/runs/29683777545/job/88184737410	
ai-memory bench (ubuntu-latest)	pass	10m24s	https://github.com/alphaonedev/ai-memory-mcp/actions/runs/29683777551/job/88184468203	
Check (macos-latest)	pending	0	https://github.com/alphaonedev/ai-memory-mcp/actions/runs/29683777545/job/88184737486	
Check (ubuntu-latest)	pending	0	https://github.com/alphaonedev/ai-memory-mcp/actions/runs/29683777545/job/88184737476	
Check (windows-latest)	pending	0	https://github.com/alphaonedev/ai-memory-mcp/actions/runs/29683777545/job/88184737477	
Dockerfile build (no push)	pending	0	https://github.com/alphaonedev/ai-memory-mcp/actions/runs/29683777545/job/88184737434	
Per-Module Coverage Thresholds	pending	0	https://github.com/alphaonedev/ai-memory-mcp/actions/runs/29683777546/job/88184526651	
Postgres feature gate	pending	0	https://github.com/alphaonedev/ai-memory-mcp/actions/runs/29683777545/job/88184737406	
tool-count grep gate	pass	10s	https://github.com/alphaonedev/ai-memory-mcp/actions/runs/29683777543/job/88184468280	
Regenerate bench baseline (ubuntu-latest, median-of-3)	skipping	0	https://github.com/alphaonedev/ai-memory-mcp/actions/runs/29683777551/job/88184468465	
Refreshing checks status every 60 seconds. Press Ctrl+C to quit.

C8 caller-context allowlist check	pass	13s	https://github.com/alphaonedev/ai-memory-mcp/actions/runs/29683777541/job/88184468100	
Classify changes	pass	8s	https://github.com/alphaonedev/ai-memory-mcp/actions/runs/29683777545/job/88184487687	
Cloud-init ASCII gate	pass	7s	https://github.com/alphaonedev/ai-memory-mcp/actions/runs/29683777541/job/88184468102	
Coverage classify (docs-only short-circuit)	pass	9s	https://github.com/alphaonedev/ai-memory-mcp/actions/runs/29683777546/job/88184489633	
Cross-compile (aarch64-apple-ios)	pass	1m4s	https://github.com/alphaonedev/ai-memory-mcp/actions/runs/29683777545/job/88184737430	
Cross-compile (aarch64-linux-android)	pass	1m30s	https://github.com/alphaonedev/ai-memory-mcp/actions/runs/29683777545/job/88184737459	
Docs vs SSOT drift gate	pass	11s	https://github.com/alphaonedev/ai-memory-mcp/actions/runs/29683777541/job/88184468096	
Hardcoded-literal duplication ratchet (pm-v3.1)	pass	17s	https://github.com/alphaonedev/ai-memory-mcp/actions/runs/29683777541/job/88184468083	
L3-boundary perma-ban gate (§25.3 S5 / RQ-10	pass	6s	https://github.com/alphaonedev/ai-memory-mcp/actions/runs/29683777541/job/88184468089	
Lint (fmt + clippy)	pass	2m39s	https://github.com/alphaonedev/ai-memory-mcp/actions/runs/29683777545/job/88184737419	
MSRV (Rust 1.96)	pass	1m41s	https://github.com/alphaonedev/ai-memory-mcp/actions/runs/29683777545/job/88184737428	
Migration-ladder-uniqueness gate (guardrail-D)	pass	12s	https://github.com/alphaonedev/ai-memory-mcp/actions/runs/29683777541/job/88184468094	
Test-env $HOME-lock gate (#2146)	pass	11s	https://github.com/alphaonedev/ai-memory-mcp/actions/runs/29683777541/job/88184468088	
Test-reachable stdin-read gate (#1989)	pass	22s	https://github.com/alphaonedev/ai-memory-mcp/actions/runs/29683777541/job/88184468078	
Vendor-monoculture + SECS_PER_* lint-gate (#1174 PR10)	pass	18s	https://github.com/alphaonedev/ai-memory-mcp/actions/runs/29683777541/job/88184468104	
actionlint (workflow-injection guard)	pass	14s	https://github.com/alphaonedev/ai-memory-mcp/actions/runs/29683777545/job/88184737438	
SAL-only feature gate	pending	0	https://github.com/alphaonedev/ai-memory-mcp/actions/runs/29683777545/job/88184737410	
ai-memory bench (ubuntu-latest)	pass	10m24s	https://github.com/alphaonedev/ai-memory-mcp/actions/runs/29683777551/job/88184468203	
Check (macos-latest)	pending	0	https://github.com/alphaonedev/ai-memory-mcp/actions/runs/29683777545/job/88184737486	
Check (ubuntu-latest)	pending	0	https://github.com/alphaonedev/ai-memory-mcp/actions/runs/29683777545/job/88184737476	
Check (windows-latest)	pending	0	https://github.com/alphaonedev/ai-memory-mcp/actions/runs/29683777545/job/88184737477	
Dockerfile build (no push)	pending	0	https://github.com/alphaonedev/ai-memory-mcp/actions/runs/29683777545/job/88184737434	
Per-Module Coverage Thresholds	pending	0	https://github.com/alphaonedev/ai-memory-mcp/actions/runs/29683777546/job/88184526651	
Postgres feature gate	pending	0	https://github.com/alphaonedev/ai-memory-mcp/actions/runs/29683777545/job/88184737406	
tool-count grep gate	pass	10s	https://github.com/alphaonedev/ai-memory-mcp/actions/runs/29683777543/job/88184468280	
Regenerate bench baseline (ubuntu-latest, median-of-3)	skipping	0	https://github.com/alphaonedev/ai-memory-mcp/actions/runs/29683777551/job/88184468465	
Refreshing checks status every 60 seconds. Press Ctrl+C to quit.

C8 caller-context allowlist check	pass	13s	https://github.com/alphaonedev/ai-memory-mcp/actions/runs/29683777541/job/88184468100	
Classify changes	pass	8s	https://github.com/alphaonedev/ai-memory-mcp/actions/runs/29683777545/job/88184487687	
Cloud-init ASCII gate	pass	7s	https://github.com/alphaonedev/ai-memory-mcp/actions/runs/29683777541/job/88184468102	
Coverage classify (docs-only short-circuit)	pass	9s	https://github.com/alphaonedev/ai-memory-mcp/actions/runs/29683777546/job/88184489633	
Cross-compile (aarch64-apple-ios)	pass	1m4s	https://github.com/alphaonedev/ai-memory-mcp/actions/runs/29683777545/job/88184737430	
Cross-compile (aarch64-linux-android)	pass	1m30s	https://github.com/alphaonedev/ai-memory-mcp/actions/runs/29683777545/job/88184737459	
Docs vs SSOT drift gate	pass	11s	https://github.com/alphaonedev/ai-memory-mcp/actions/runs/29683777541/job/88184468096	
Hardcoded-literal duplication ratchet (pm-v3.1)	pass	17s	https://github.com/alphaonedev/ai-memory-mcp/actions/runs/29683777541/job/88184468083	
L3-boundary perma-ban gate (§25.3 S5 / RQ-10	pass	6s	https://github.com/alphaonedev/ai-memory-mcp/actions/runs/29683777541/job/88184468089	
Lint (fmt + clippy)	pass	2m39s	https://github.com/alphaonedev/ai-memory-mcp/actions/runs/29683777545/job/88184737419	
MSRV (Rust 1.96)	pass	1m41s	https://github.com/alphaonedev/ai-memory-mcp/actions/runs/29683777545/job/88184737428	
Migration-ladder-uniqueness gate (guardrail-D)	pass	12s	https://github.com/alphaonedev/ai-memory-mcp/actions/runs/29683777541/job/88184468094	
Test-env $HOME-lock gate (#2146)	pass	11s	https://github.com/alphaonedev/ai-memory-mcp/actions/runs/29683777541/job/88184468088	
Test-reachable stdin-read gate (#1989)	pass	22s	https://github.com/alphaonedev/ai-memory-mcp/actions/runs/29683777541/job/88184468078	
Vendor-monoculture + SECS_PER_* lint-gate (#1174 PR10)	pass	18s	https://github.com/alphaonedev/ai-memory-mcp/actions/runs/29683777541/job/88184468104	
actionlint (workflow-injection guard)	pass	14s	https://github.com/alphaonedev/ai-memory-mcp/actions/runs/29683777545/job/88184737438	
SAL-only feature gate	pending	0	https://github.com/alphaonedev/ai-memory-mcp/actions/runs/29683777545/job/88184737410	
ai-memory bench (ubuntu-latest)	pass	10m24s	https://github.com/alphaonedev/ai-memory-mcp/actions/runs/29683777551/job/88184468203	
Check (macos-latest)	pending	0	https://github.com/alphaonedev/ai-memory-mcp/actions/runs/29683777545/job/88184737486	
Check (ubuntu-latest)	pending	0	https://github.com/alphaonedev/ai-memory-mcp/actions/runs/29683777545/job/88184737476	
Check (windows-latest)	pending	0	https://github.com/alphaonedev/ai-memory-mcp/actions/runs/29683777545/job/88184737477	
Dockerfile build (no push)	pending	0	https://github.com/alphaonedev/ai-memory-mcp/actions/runs/29683777545/job/88184737434	
Per-Module Coverage Thresholds	pending	0	https://github.com/alphaonedev/ai-memory-mcp/actions/runs/29683777546/job/88184526651	
Postgres feature gate	pending	0	https://github.com/alphaonedev/ai-memory-mcp/actions/runs/29683777545/job/88184737406	
tool-count grep gate	pass	10s	https://github.com/alphaonedev/ai-memory-mcp/actions/runs/29683777543/job/88184468280	
Regenerate bench baseline (ubuntu-latest, median-of-3)	skipping	0	https://github.com/alphaonedev/ai-memory-mcp/actions/runs/29683777551/job/88184468465	
Refreshing checks status every 60 seconds. Press Ctrl+C to quit.

C8 caller-context allowlist check	pass	13s	https://github.com/alphaonedev/ai-memory-mcp/actions/runs/29683777541/job/88184468100	
Classify changes	pass	8s	https://github.com/alphaonedev/ai-memory-mcp/actions/runs/29683777545/job/88184487687	
Cloud-init ASCII gate	pass	7s	https://github.com/alphaonedev/ai-memory-mcp/actions/runs/29683777541/job/88184468102	
Coverage classify (docs-only short-circuit)	pass	9s	https://github.com/alphaonedev/ai-memory-mcp/actions/runs/29683777546/job/88184489633	
Cross-compile (aarch64-apple-ios)	pass	1m4s	https://github.com/alphaonedev/ai-memory-mcp/actions/runs/29683777545/job/88184737430	
Cross-compile (aarch64-linux-android)	pass	1m30s	https://github.com/alphaonedev/ai-memory-mcp/actions/runs/29683777545/job/88184737459	
Docs vs SSOT drift gate	pass	11s	https://github.com/alphaonedev/ai-memory-mcp/actions/runs/29683777541/job/88184468096	
Hardcoded-literal duplication ratchet (pm-v3.1)	pass	17s	https://github.com/alphaonedev/ai-memory-mcp/actions/runs/29683777541/job/88184468083	
L3-boundary perma-ban gate (§25.3 S5 / RQ-10	pass	6s	https://github.com/alphaonedev/ai-memory-mcp/actions/runs/29683777541/job/88184468089	
Lint (fmt + clippy)	pass	2m39s	https://github.com/alphaonedev/ai-memory-mcp/actions/runs/29683777545/job/88184737419	
MSRV (Rust 1.96)	pass	1m41s	https://github.com/alphaonedev/ai-memory-mcp/actions/runs/29683777545/job/88184737428	
Migration-ladder-uniqueness gate (guardrail-D)	pass	12s	https://github.com/alphaonedev/ai-memory-mcp/actions/runs/29683777541/job/88184468094	
Test-env $HOME-lock gate (#2146)	pass	11s	https://github.com/alphaonedev/ai-memory-mcp/actions/runs/29683777541/job/88184468088	
Test-reachable stdin-read gate (#1989)	pass	22s	https://github.com/alphaonedev/ai-memory-mcp/actions/runs/29683777541/job/88184468078	
Vendor-monoculture + SECS_PER_* lint-gate (#1174 PR10)	pass	18s	https://github.com/alphaonedev/ai-memory-mcp/actions/runs/29683777541/job/88184468104	
actionlint (workflow-injection guard)	pass	14s	https://github.com/alphaonedev/ai-memory-mcp/actions/runs/29683777545/job/88184737438	
SAL-only feature gate	pending	0	https://github.com/alphaonedev/ai-memory-mcp/actions/runs/29683777545/job/88184737410	
ai-memory bench (ubuntu-latest)	pass	10m24s	https://github.com/alphaonedev/ai-memory-mcp/actions/runs/29683777551/job/88184468203	
Check (macos-latest)	pending	0	https://github.com/alphaonedev/ai-memory-mcp/actions/runs/29683777545/job/88184737486	
Check (ubuntu-latest)	pending	0	https://github.com/alphaonedev/ai-memory-mcp/actions/runs/29683777545/job/88184737476	
Check (windows-latest)	pending	0	https://github.com/alphaonedev/ai-memory-mcp/actions/runs/29683777545/job/88184737477	
Dockerfile build (no push)	pending	0	https://github.com/alphaonedev/ai-memory-mcp/actions/runs/29683777545/job/88184737434	
Per-Module Coverage Thresholds	pending	0	https://github.com/alphaonedev/ai-memory-mcp/actions/runs/29683777546/job/88184526651	
Postgres feature gate	pending	0	https://github.com/alphaonedev/ai-memory-mcp/actions/runs/29683777545/job/88184737406	
tool-count grep gate	pass	10s	https://github.com/alphaonedev/ai-memory-mcp/actions/runs/29683777543/job/88184468280	
Regenerate bench baseline (ubuntu-latest, median-of-3)	skipping	0	https://github.com/alphaonedev/ai-memory-mcp/actions/runs/29683777551/job/88184468465	
Refreshing checks status every 60 seconds. Press Ctrl+C to quit.

C8 caller-context allowlist check	pass	13s	https://github.com/alphaonedev/ai-memory-mcp/actions/runs/29683777541/job/88184468100	
Classify changes	pass	8s	https://github.com/alphaonedev/ai-memory-mcp/actions/runs/29683777545/job/88184487687	
Cloud-init ASCII gate	pass	7s	https://github.com/alphaonedev/ai-memory-mcp/actions/runs/29683777541/job/88184468102	
Coverage classify (docs-only short-circuit)	pass	9s	https://github.com/alphaonedev/ai-memory-mcp/actions/runs/29683777546/job/88184489633	
Cross-compile (aarch64-apple-ios)	pass	1m4s	https://github.com/alphaonedev/ai-memory-mcp/actions/runs/29683777545/job/88184737430	
Cross-compile (aarch64-linux-android)	pass	1m30s	https://github.com/alphaonedev/ai-memory-mcp/actions/runs/29683777545/job/88184737459	
Docs vs SSOT drift gate	pass	11s	https://github.com/alphaonedev/ai-memory-mcp/actions/runs/29683777541/job/88184468096	
Hardcoded-literal duplication ratchet (pm-v3.1)	pass	17s	https://github.com/alphaonedev/ai-memory-mcp/actions/runs/29683777541/job/88184468083	
L3-boundary perma-ban gate (§25.3 S5 / RQ-10	pass	6s	https://github.com/alphaonedev/ai-memory-mcp/actions/runs/29683777541/job/88184468089	
Lint (fmt + clippy)	pass	2m39s	https://github.com/alphaonedev/ai-memory-mcp/actions/runs/29683777545/job/88184737419	
MSRV (Rust 1.96)	pass	1m41s	https://github.com/alphaonedev/ai-memory-mcp/actions/runs/29683777545/job/88184737428	
Migration-ladder-uniqueness gate (guardrail-D)	pass	12s	https://github.com/alphaonedev/ai-memory-mcp/actions/runs/29683777541/job/88184468094	
Test-env $HOME-lock gate (#2146)	pass	11s	https://github.com/alphaonedev/ai-memory-mcp/actions/runs/29683777541/job/88184468088	
Test-reachable stdin-read gate (#1989)	pass	22s	https://github.com/alphaonedev/ai-memory-mcp/actions/runs/29683777541/job/88184468078	
Vendor-monoculture + SECS_PER_* lint-gate (#1174 PR10)	pass	18s	https://github.com/alphaonedev/ai-memory-mcp/actions/runs/29683777541/job/88184468104	
actionlint (workflow-injection guard)	pass	14s	https://github.com/alphaonedev/ai-memory-mcp/actions/runs/29683777545/job/88184737438	
SAL-only feature gate	pending	0	https://github.com/alphaonedev/ai-memory-mcp/actions/runs/29683777545/job/88184737410	
ai-memory bench (ubuntu-latest)	pass	10m24s	https://github.com/alphaonedev/ai-memory-mcp/actions/runs/29683777551/job/88184468203	
Check (macos-latest)	pending	0	https://github.com/alphaonedev/ai-memory-mcp/actions/runs/29683777545/job/88184737486	
Check (ubuntu-latest)	pending	0	https://github.com/alphaonedev/ai-memory-mcp/actions/runs/29683777545/job/88184737476	
Check (windows-latest)	pending	0	https://github.com/alphaonedev/ai-memory-mcp/actions/runs/29683777545/job/88184737477	
Dockerfile build (no push)	pending	0	https://github.com/alphaonedev/ai-memory-mcp/actions/runs/29683777545/job/88184737434	
Per-Module Coverage Thresholds	pending	0	https://github.com/alphaonedev/ai-memory-mcp/actions/runs/29683777546/job/88184526651	
Postgres feature gate	pending	0	https://github.com/alphaonedev/ai-memory-mcp/actions/runs/29683777545/job/88184737406	
tool-count grep gate	pass	10s	https://github.com/alphaonedev/ai-memory-mcp/actions/runs/29683777543/job/88184468280	
Regenerate bench baseline (ubuntu-latest, median-of-3)	skipping	0	https://github.com/alphaonedev/ai-memory-mcp/actions/runs/29683777551/job/88184468465	
Refreshing checks status every 60 seconds. Press Ctrl+C to quit.

C8 caller-context allowlist check	pass	13s	https://github.com/alphaonedev/ai-memory-mcp/actions/runs/29683777541/job/88184468100	
Classify changes	pass	8s	https://github.com/alphaonedev/ai-memory-mcp/actions/runs/29683777545/job/88184487687	
Cloud-init ASCII gate	pass	7s	https://github.com/alphaonedev/ai-memory-mcp/actions/runs/29683777541/job/88184468102	
Coverage classify (docs-only short-circuit)	pass	9s	https://github.com/alphaonedev/ai-memory-mcp/actions/runs/29683777546/job/88184489633	
Cross-compile (aarch64-apple-ios)	pass	1m4s	https://github.com/alphaonedev/ai-memory-mcp/actions/runs/29683777545/job/88184737430	
Cross-compile (aarch64-linux-android)	pass	1m30s	https://github.com/alphaonedev/ai-memory-mcp/actions/runs/29683777545/job/88184737459	
Docs vs SSOT drift gate	pass	11s	https://github.com/alphaonedev/ai-memory-mcp/actions/runs/29683777541/job/88184468096	
Hardcoded-literal duplication ratchet (pm-v3.1)	pass	17s	https://github.com/alphaonedev/ai-memory-mcp/actions/runs/29683777541/job/88184468083	
L3-boundary perma-ban gate (§25.3 S5 / RQ-10	pass	6s	https://github.com/alphaonedev/ai-memory-mcp/actions/runs/29683777541/job/88184468089	
Lint (fmt + clippy)	pass	2m39s	https://github.com/alphaonedev/ai-memory-mcp/actions/runs/29683777545/job/88184737419	
MSRV (Rust 1.96)	pass	1m41s	https://github.com/alphaonedev/ai-memory-mcp/actions/runs/29683777545/job/88184737428	
Migration-ladder-uniqueness gate (guardrail-D)	pass	12s	https://github.com/alphaonedev/ai-memory-mcp/actions/runs/29683777541/job/88184468094	
Test-env $HOME-lock gate (#2146)	pass	11s	https://github.com/alphaonedev/ai-memory-mcp/actions/runs/29683777541/job/88184468088	
Test-reachable stdin-read gate (#1989)	pass	22s	https://github.com/alphaonedev/ai-memory-mcp/actions/runs/29683777541/job/88184468078	
Vendor-monoculture + SECS_PER_* lint-gate (#1174 PR10)	pass	18s	https://github.com/alphaonedev/ai-memory-mcp/actions/runs/29683777541/job/88184468104	
actionlint (workflow-injection guard)	pass	14s	https://github.com/alphaonedev/ai-memory-mcp/actions/runs/29683777545/job/88184737438	
SAL-only feature gate	pending	0	https://github.com/alphaonedev/ai-memory-mcp/actions/runs/29683777545/job/88184737410	
ai-memory bench (ubuntu-latest)	pass	10m24s	https://github.com/alphaonedev/ai-memory-mcp/actions/runs/29683777551/job/88184468203	
Check (macos-latest)	pending	0	https://github.com/alphaonedev/ai-memory-mcp/actions/runs/29683777545/job/88184737486	
Check (ubuntu-latest)	pending	0	https://github.com/alphaonedev/ai-memory-mcp/actions/runs/29683777545/job/88184737476	
Check (windows-latest)	pending	0	https://github.com/alphaonedev/ai-memory-mcp/actions/runs/29683777545/job/88184737477	
Dockerfile build (no push)	pending	0	https://github.com/alphaonedev/ai-memory-mcp/actions/runs/29683777545/job/88184737434	
Per-Module Coverage Thresholds	pending	0	https://github.com/alphaonedev/ai-memory-mcp/actions/runs/29683777546/job/88184526651	
Postgres feature gate	pending	0	https://github.com/alphaonedev/ai-memory-mcp/actions/runs/29683777545/job/88184737406	
tool-count grep gate	pass	10s	https://github.com/alphaonedev/ai-memory-mcp/actions/runs/29683777543/job/88184468280	
Regenerate bench baseline (ubuntu-latest, median-of-3)	skipping	0	https://github.com/alphaonedev/ai-memory-mcp/actions/runs/29683777551/job/88184468465	
Refreshing checks status every 60 seconds. Press Ctrl+C to quit.

C8 caller-context allowlist check	pass	13s	https://github.com/alphaonedev/ai-memory-mcp/actions/runs/29683777541/job/88184468100	
Classify changes	pass	8s	https://github.com/alphaonedev/ai-memory-mcp/actions/runs/29683777545/job/88184487687	
Cloud-init ASCII gate	pass	7s	https://github.com/alphaonedev/ai-memory-mcp/actions/runs/29683777541/job/88184468102	
Coverage classify (docs-only short-circuit)	pass	9s	https://github.com/alphaonedev/ai-memory-mcp/actions/runs/29683777546/job/88184489633	
Cross-compile (aarch64-apple-ios)	pass	1m4s	https://github.com/alphaonedev/ai-memory-mcp/actions/runs/29683777545/job/88184737430	
Cross-compile (aarch64-linux-android)	pass	1m30s	https://github.com/alphaonedev/ai-memory-mcp/actions/runs/29683777545/job/88184737459	
Dockerfile build (no push)	pass	11m47s	https://github.com/alphaonedev/ai-memory-mcp/actions/runs/29683777545/job/88184737434	
Docs vs SSOT drift gate	pass	11s	https://github.com/alphaonedev/ai-memory-mcp/actions/runs/29683777541/job/88184468096	
Hardcoded-literal duplication ratchet (pm-v3.1)	pass	17s	https://github.com/alphaonedev/ai-memory-mcp/actions/runs/29683777541/job/88184468083	
L3-boundary perma-ban gate (§25.3 S5 / RQ-10	pass	6s	https://github.com/alphaonedev/ai-memory-mcp/actions/runs/29683777541/job/88184468089	
Check (macos-latest)	pending	0	https://github.com/alphaonedev/ai-memory-mcp/actions/runs/29683777545/job/88184737486	
Regenerate bench baseline (ubuntu-latest, median-of-3)	skipping	0	https://github.com/alphaonedev/ai-memory-mcp/actions/runs/29683777551/job/88184468465	
tool-count grep gate	pass	10s	https://github.com/alphaonedev/ai-memory-mcp/actions/runs/29683777543/job/88184468280	
Vendor-monoculture + SECS_PER_* lint-gate (#1174 PR10)	pass	18s	https://github.com/alphaonedev/ai-memory-mcp/actions/runs/29683777541/job/88184468104	
Lint (fmt + clippy)	pass	2m39s	https://github.com/alphaonedev/ai-memory-mcp/actions/runs/29683777545/job/88184737419	
MSRV (Rust 1.96)	pass	1m41s	https://github.com/alphaonedev/ai-memory-mcp/actions/runs/29683777545/job/88184737428	
Migration-ladder-uniqueness gate (guardrail-D)	pass	12s	https://github.com/alphaonedev/ai-memory-mcp/actions/runs/29683777541/job/88184468094	
ai-memory bench (ubuntu-latest)	pass	10m24s	https://github.com/alphaonedev/ai-memory-mcp/actions/runs/29683777551/job/88184468203	
Test-reachable stdin-read gate (#1989)	pass	22s	https://github.com/alphaonedev/ai-memory-mcp/actions/runs/29683777541/job/88184468078	
actionlint (workflow-injection guard)	pass	14s	https://github.com/alphaonedev/ai-memory-mcp/actions/runs/29683777545/job/88184737438	
Test-env $HOME-lock gate (#2146)	pass	11s	https://github.com/alphaonedev/ai-memory-mcp/actions/runs/29683777541/job/88184468088	
Check (ubuntu-latest)	pending	0	https://github.com/alphaonedev/ai-memory-mcp/actions/runs/29683777545/job/88184737476	
Check (windows-latest)	pending	0	https://github.com/alphaonedev/ai-memory-mcp/actions/runs/29683777545/job/88184737477	
Per-Module Coverage Thresholds	pending	0	https://github.com/alphaonedev/ai-memory-mcp/actions/runs/29683777546/job/88184526651	
Postgres feature gate	pending	0	https://github.com/alphaonedev/ai-memory-mcp/actions/runs/29683777545/job/88184737406	
SAL-only feature gate	pending	0	https://github.com/alphaonedev/ai-memory-mcp/actions/runs/29683777545/job/88184737410	
Refreshing checks status every 60 seconds. Press Ctrl+C to quit.

C8 caller-context allowlist check	pass	13s	https://github.com/alphaonedev/ai-memory-mcp/actions/runs/29683777541/job/88184468100	
Classify changes	pass	8s	https://github.com/alphaonedev/ai-memory-mcp/actions/runs/29683777545/job/88184487687	
Cloud-init ASCII gate	pass	7s	https://github.com/alphaonedev/ai-memory-mcp/actions/runs/29683777541/job/88184468102	
Coverage classify (docs-only short-circuit)	pass	9s	https://github.com/alphaonedev/ai-memory-mcp/actions/runs/29683777546/job/88184489633	
Cross-compile (aarch64-apple-ios)	pass	1m4s	https://github.com/alphaonedev/ai-memory-mcp/actions/runs/29683777545/job/88184737430	
Cross-compile (aarch64-linux-android)	pass	1m30s	https://github.com/alphaonedev/ai-memory-mcp/actions/runs/29683777545/job/88184737459	
Dockerfile build (no push)	pass	11m47s	https://github.com/alphaonedev/ai-memory-mcp/actions/runs/29683777545/job/88184737434	
Docs vs SSOT drift gate	pass	11s	https://github.com/alphaonedev/ai-memory-mcp/actions/runs/29683777541/job/88184468096	
Hardcoded-literal duplication ratchet (pm-v3.1)	pass	17s	https://github.com/alphaonedev/ai-memory-mcp/actions/runs/29683777541/job/88184468083	
L3-boundary perma-ban gate (§25.3 S5 / RQ-10	pass	6s	https://github.com/alphaonedev/ai-memory-mcp/actions/runs/29683777541/job/88184468089	
Check (macos-latest)	pending	0	https://github.com/alphaonedev/ai-memory-mcp/actions/runs/29683777545/job/88184737486	
Regenerate bench baseline (ubuntu-latest, median-of-3)	skipping	0	https://github.com/alphaonedev/ai-memory-mcp/actions/runs/29683777551/job/88184468465	
tool-count grep gate	pass	10s	https://github.com/alphaonedev/ai-memory-mcp/actions/runs/29683777543/job/88184468280	
Vendor-monoculture + SECS_PER_* lint-gate (#1174 PR10)	pass	18s	https://github.com/alphaonedev/ai-memory-mcp/actions/runs/29683777541/job/88184468104	
Lint (fmt + clippy)	pass	2m39s	https://github.com/alphaonedev/ai-memory-mcp/actions/runs/29683777545/job/88184737419	
MSRV (Rust 1.96)	pass	1m41s	https://github.com/alphaonedev/ai-memory-mcp/actions/runs/29683777545/job/88184737428	
Migration-ladder-uniqueness gate (guardrail-D)	pass	12s	https://github.com/alphaonedev/ai-memory-mcp/actions/runs/29683777541/job/88184468094	
ai-memory bench (ubuntu-latest)	pass	10m24s	https://github.com/alphaonedev/ai-memory-mcp/actions/runs/29683777551/job/88184468203	
Test-reachable stdin-read gate (#1989)	pass	22s	https://github.com/alphaonedev/ai-memory-mcp/actions/runs/29683777541/job/88184468078	
actionlint (workflow-injection guard)	pass	14s	https://github.com/alphaonedev/ai-memory-mcp/actions/runs/29683777545/job/88184737438	
Test-env $HOME-lock gate (#2146)	pass	11s	https://github.com/alphaonedev/ai-memory-mcp/actions/runs/29683777541/job/88184468088	
Check (ubuntu-latest)	pending	0	https://github.com/alphaonedev/ai-memory-mcp/actions/runs/29683777545/job/88184737476	
Check (windows-latest)	pending	0	https://github.com/alphaonedev/ai-memory-mcp/actions/runs/29683777545/job/88184737477	
Per-Module Coverage Thresholds	pending	0	https://github.com/alphaonedev/ai-memory-mcp/actions/runs/29683777546/job/88184526651	
Postgres feature gate	pending	0	https://github.com/alphaonedev/ai-memory-mcp/actions/runs/29683777545/job/88184737406	
SAL-only feature gate	pending	0	https://github.com/alphaonedev/ai-memory-mcp/actions/runs/29683777545/job/88184737410	
Refreshing checks status every 60 seconds. Press Ctrl+C to quit.

C8 caller-context allowlist check	pass	13s	https://github.com/alphaonedev/ai-memory-mcp/actions/runs/29683777541/job/88184468100	
Classify changes	pass	8s	https://github.com/alphaonedev/ai-memory-mcp/actions/runs/29683777545/job/88184487687	
Cloud-init ASCII gate	pass	7s	https://github.com/alphaonedev/ai-memory-mcp/actions/runs/29683777541/job/88184468102	
Coverage classify (docs-only short-circuit)	pass	9s	https://github.com/alphaonedev/ai-memory-mcp/actions/runs/29683777546/job/88184489633	
Cross-compile (aarch64-apple-ios)	pass	1m4s	https://github.com/alphaonedev/ai-memory-mcp/actions/runs/29683777545/job/88184737430	
Cross-compile (aarch64-linux-android)	pass	1m30s	https://github.com/alphaonedev/ai-memory-mcp/actions/runs/29683777545/job/88184737459	
Dockerfile build (no push)	pass	11m47s	https://github.com/alphaonedev/ai-memory-mcp/actions/runs/29683777545/job/88184737434	
Docs vs SSOT drift gate	pass	11s	https://github.com/alphaonedev/ai-memory-mcp/actions/runs/29683777541/job/88184468096	
Hardcoded-literal duplication ratchet (pm-v3.1)	pass	17s	https://github.com/alphaonedev/ai-memory-mcp/actions/runs/29683777541/job/88184468083	
L3-boundary perma-ban gate (§25.3 S5 / RQ-10	pass	6s	https://github.com/alphaonedev/ai-memory-mcp/actions/runs/29683777541/job/88184468089	
Check (macos-latest)	pending	0	https://github.com/alphaonedev/ai-memory-mcp/actions/runs/29683777545/job/88184737486	
Regenerate bench baseline (ubuntu-latest, median-of-3)	skipping	0	https://github.com/alphaonedev/ai-memory-mcp/actions/runs/29683777551/job/88184468465	
tool-count grep gate	pass	10s	https://github.com/alphaonedev/ai-memory-mcp/actions/runs/29683777543/job/88184468280	
Vendor-monoculture + SECS_PER_* lint-gate (#1174 PR10)	pass	18s	https://github.com/alphaonedev/ai-memory-mcp/actions/runs/29683777541/job/88184468104	
Lint (fmt + clippy)	pass	2m39s	https://github.com/alphaonedev/ai-memory-mcp/actions/runs/29683777545/job/88184737419	
MSRV (Rust 1.96)	pass	1m41s	https://github.com/alphaonedev/ai-memory-mcp/actions/runs/29683777545/job/88184737428	
Migration-ladder-uniqueness gate (guardrail-D)	pass	12s	https://github.com/alphaonedev/ai-memory-mcp/actions/runs/29683777541/job/88184468094	
ai-memory bench (ubuntu-latest)	pass	10m24s	https://github.com/alphaonedev/ai-memory-mcp/actions/runs/29683777551/job/88184468203	
Test-reachable stdin-read gate (#1989)	pass	22s	https://github.com/alphaonedev/ai-memory-mcp/actions/runs/29683777541/job/88184468078	
actionlint (workflow-injection guard)	pass	14s	https://github.com/alphaonedev/ai-memory-mcp/actions/runs/29683777545/job/88184737438	
Test-env $HOME-lock gate (#2146)	pass	11s	https://github.com/alphaonedev/ai-memory-mcp/actions/runs/29683777541/job/88184468088	
Check (ubuntu-latest)	pending	0	https://github.com/alphaonedev/ai-memory-mcp/actions/runs/29683777545/job/88184737476	
Check (windows-latest)	pending	0	https://github.com/alphaonedev/ai-memory-mcp/actions/runs/29683777545/job/88184737477	
Per-Module Coverage Thresholds	pending	0	https://github.com/alphaonedev/ai-memory-mcp/actions/runs/29683777546/job/88184526651	
Postgres feature gate	pending	0	https://github.com/alphaonedev/ai-memory-mcp/actions/runs/29683777545/job/88184737406	
SAL-only feature gate	pending	0	https://github.com/alphaonedev/ai-memory-mcp/actions/runs/29683777545/job/88184737410	
Refreshing checks status every 60 seconds. Press Ctrl+C to quit.

C8 caller-context allowlist check	pass	13s	https://github.com/alphaonedev/ai-memory-mcp/actions/runs/29683777541/job/88184468100	
Classify changes	pass	8s	https://github.com/alphaonedev/ai-memory-mcp/actions/runs/29683777545/job/88184487687	
Cloud-init ASCII gate	pass	7s	https://github.com/alphaonedev/ai-memory-mcp/actions/runs/29683777541/job/88184468102	
Coverage classify (docs-only short-circuit)	pass	9s	https://github.com/alphaonedev/ai-memory-mcp/actions/runs/29683777546/job/88184489633	
Cross-compile (aarch64-apple-ios)	pass	1m4s	https://github.com/alphaonedev/ai-memory-mcp/actions/runs/29683777545/job/88184737430	
Cross-compile (aarch64-linux-android)	pass	1m30s	https://github.com/alphaonedev/ai-memory-mcp/actions/runs/29683777545/job/88184737459	
Dockerfile build (no push)	pass	11m47s	https://github.com/alphaonedev/ai-memory-mcp/actions/runs/29683777545/job/88184737434	
Docs vs SSOT drift gate	pass	11s	https://github.com/alphaonedev/ai-memory-mcp/actions/runs/29683777541/job/88184468096	
Hardcoded-literal duplication ratchet (pm-v3.1)	pass	17s	https://github.com/alphaonedev/ai-memory-mcp/actions/runs/29683777541/job/88184468083	
L3-boundary perma-ban gate (§25.3 S5 / RQ-10	pass	6s	https://github.com/alphaonedev/ai-memory-mcp/actions/runs/29683777541/job/88184468089	
Check (macos-latest)	pending	0	https://github.com/alphaonedev/ai-memory-mcp/actions/runs/29683777545/job/88184737486	
Regenerate bench baseline (ubuntu-latest, median-of-3)	skipping	0	https://github.com/alphaonedev/ai-memory-mcp/actions/runs/29683777551/job/88184468465	
tool-count grep gate	pass	10s	https://github.com/alphaonedev/ai-memory-mcp/actions/runs/29683777543/job/88184468280	
Vendor-monoculture + SECS_PER_* lint-gate (#1174 PR10)	pass	18s	https://github.com/alphaonedev/ai-memory-mcp/actions/runs/29683777541/job/88184468104	
Lint (fmt + clippy)	pass	2m39s	https://github.com/alphaonedev/ai-memory-mcp/actions/runs/29683777545/job/88184737419	
MSRV (Rust 1.96)	pass	1m41s	https://github.com/alphaonedev/ai-memory-mcp/actions/runs/29683777545/job/88184737428	
Migration-ladder-uniqueness gate (guardrail-D)	pass	12s	https://github.com/alphaonedev/ai-memory-mcp/actions/runs/29683777541/job/88184468094	
ai-memory bench (ubuntu-latest)	pass	10m24s	https://github.com/alphaonedev/ai-memory-mcp/actions/runs/29683777551/job/88184468203	
Test-reachable stdin-read gate (#1989)	pass	22s	https://github.com/alphaonedev/ai-memory-mcp/actions/runs/29683777541/job/88184468078	
actionlint (workflow-injection guard)	pass	14s	https://github.com/alphaonedev/ai-memory-mcp/actions/runs/29683777545/job/88184737438	
Test-env $HOME-lock gate (#2146)	pass	11s	https://github.com/alphaonedev/ai-memory-mcp/actions/runs/29683777541/job/88184468088	
Check (ubuntu-latest)	pending	0	https://github.com/alphaonedev/ai-memory-mcp/actions/runs/29683777545/job/88184737476	
Check (windows-latest)	pending	0	https://github.com/alphaonedev/ai-memory-mcp/actions/runs/29683777545/job/88184737477	
Per-Module Coverage Thresholds	pending	0	https://github.com/alphaonedev/ai-memory-mcp/actions/runs/29683777546/job/88184526651	
Postgres feature gate	pending	0	https://github.com/alphaonedev/ai-memory-mcp/actions/runs/29683777545/job/88184737406	
SAL-only feature gate	pending	0	https://github.com/alphaonedev/ai-memory-mcp/actions/runs/29683777545/job/88184737410	
Refreshing checks status every 60 seconds. Press Ctrl+C to quit.

C8 caller-context allowlist check	pass	13s	https://github.com/alphaonedev/ai-memory-mcp/actions/runs/29683777541/job/88184468100	
Classify changes	pass	8s	https://github.com/alphaonedev/ai-memory-mcp/actions/runs/29683777545/job/88184487687	
Cloud-init ASCII gate	pass	7s	https://github.com/alphaonedev/ai-memory-mcp/actions/runs/29683777541/job/88184468102	
Coverage classify (docs-only short-circuit)	pass	9s	https://github.com/alphaonedev/ai-memory-mcp/actions/runs/29683777546/job/88184489633	
Cross-compile (aarch64-apple-ios)	pass	1m4s	https://github.com/alphaonedev/ai-memory-mcp/actions/runs/29683777545/job/88184737430	
Cross-compile (aarch64-linux-android)	pass	1m30s	https://github.com/alphaonedev/ai-memory-mcp/actions/runs/29683777545/job/88184737459	
Dockerfile build (no push)	pass	11m47s	https://github.com/alphaonedev/ai-memory-mcp/actions/runs/29683777545/job/88184737434	
Docs vs SSOT drift gate	pass	11s	https://github.com/alphaonedev/ai-memory-mcp/actions/runs/29683777541/job/88184468096	
Hardcoded-literal duplication ratchet (pm-v3.1)	pass	17s	https://github.com/alphaonedev/ai-memory-mcp/actions/runs/29683777541/job/88184468083	
L3-boundary perma-ban gate (§25.3 S5 / RQ-10	pass	6s	https://github.com/alphaonedev/ai-memory-mcp/actions/runs/29683777541/job/88184468089	
Check (macos-latest)	pending	0	https://github.com/alphaonedev/ai-memory-mcp/actions/runs/29683777545/job/88184737486	
Regenerate bench baseline (ubuntu-latest, median-of-3)	skipping	0	https://github.com/alphaonedev/ai-memory-mcp/actions/runs/29683777551/job/88184468465	
tool-count grep gate	pass	10s	https://github.com/alphaonedev/ai-memory-mcp/actions/runs/29683777543/job/88184468280	
Vendor-monoculture + SECS_PER_* lint-gate (#1174 PR10)	pass	18s	https://github.com/alphaonedev/ai-memory-mcp/actions/runs/29683777541/job/88184468104	
Lint (fmt + clippy)	pass	2m39s	https://github.com/alphaonedev/ai-memory-mcp/actions/runs/29683777545/job/88184737419	
MSRV (Rust 1.96)	pass	1m41s	https://github.com/alphaonedev/ai-memory-mcp/actions/runs/29683777545/job/88184737428	
Migration-ladder-uniqueness gate (guardrail-D)	pass	12s	https://github.com/alphaonedev/ai-memory-mcp/actions/runs/29683777541/job/88184468094	
ai-memory bench (ubuntu-latest)	pass	10m24s	https://github.com/alphaonedev/ai-memory-mcp/actions/runs/29683777551/job/88184468203	
Test-reachable stdin-read gate (#1989)	pass	22s	https://github.com/alphaonedev/ai-memory-mcp/actions/runs/29683777541/job/88184468078	
actionlint (workflow-injection guard)	pass	14s	https://github.com/alphaonedev/ai-memory-mcp/actions/runs/29683777545/job/88184737438	
Test-env $HOME-lock gate (#2146)	pass	11s	https://github.com/alphaonedev/ai-memory-mcp/actions/runs/29683777541/job/88184468088	
Check (ubuntu-latest)	pending	0	https://github.com/alphaonedev/ai-memory-mcp/actions/runs/29683777545/job/88184737476	
Check (windows-latest)	pending	0	https://github.com/alphaonedev/ai-memory-mcp/actions/runs/29683777545/job/88184737477	
Per-Module Coverage Thresholds	pending	0	https://github.com/alphaonedev/ai-memory-mcp/actions/runs/29683777546/job/88184526651	
Postgres feature gate	pending	0	https://github.com/alphaonedev/ai-memory-mcp/actions/runs/29683777545/job/88184737406	
SAL-only feature gate	pending	0	https://github.com/alphaonedev/ai-memory-mcp/actions/runs/29683777545/job/88184737410	
Refreshing checks status every 60 seconds. Press Ctrl+C to quit.

C8 caller-context allowlist check	pass	13s	https://github.com/alphaonedev/ai-memory-mcp/actions/runs/29683777541/job/88184468100	
Classify changes	pass	8s	https://github.com/alphaonedev/ai-memory-mcp/actions/runs/29683777545/job/88184487687	
Cloud-init ASCII gate	pass	7s	https://github.com/alphaonedev/ai-memory-mcp/actions/runs/29683777541/job/88184468102	
Coverage classify (docs-only short-circuit)	pass	9s	https://github.com/alphaonedev/ai-memory-mcp/actions/runs/29683777546/job/88184489633	
Cross-compile (aarch64-apple-ios)	pass	1m4s	https://github.com/alphaonedev/ai-memory-mcp/actions/runs/29683777545/job/88184737430	
Cross-compile (aarch64-linux-android)	pass	1m30s	https://github.com/alphaonedev/ai-memory-mcp/actions/runs/29683777545/job/88184737459	
Dockerfile build (no push)	pass	11m47s	https://github.com/alphaonedev/ai-memory-mcp/actions/runs/29683777545/job/88184737434	
Docs vs SSOT drift gate	pass	11s	https://github.com/alphaonedev/ai-memory-mcp/actions/runs/29683777541/job/88184468096	
Hardcoded-literal duplication ratchet (pm-v3.1)	pass	17s	https://github.com/alphaonedev/ai-memory-mcp/actions/runs/29683777541/job/88184468083	
L3-boundary perma-ban gate (§25.3 S5 / RQ-10	pass	6s	https://github.com/alphaonedev/ai-memory-mcp/actions/runs/29683777541/job/88184468089	
Check (macos-latest)	pending	0	https://github.com/alphaonedev/ai-memory-mcp/actions/runs/29683777545/job/88184737486	
Regenerate bench baseline (ubuntu-latest, median-of-3)	skipping	0	https://github.com/alphaonedev/ai-memory-mcp/actions/runs/29683777551/job/88184468465	
tool-count grep gate	pass	10s	https://github.com/alphaonedev/ai-memory-mcp/actions/runs/29683777543/job/88184468280	
Vendor-monoculture + SECS_PER_* lint-gate (#1174 PR10)	pass	18s	https://github.com/alphaonedev/ai-memory-mcp/actions/runs/29683777541/job/88184468104	
Lint (fmt + clippy)	pass	2m39s	https://github.com/alphaonedev/ai-memory-mcp/actions/runs/29683777545/job/88184737419	
MSRV (Rust 1.96)	pass	1m41s	https://github.com/alphaonedev/ai-memory-mcp/actions/runs/29683777545/job/88184737428	
Migration-ladder-uniqueness gate (guardrail-D)	pass	12s	https://github.com/alphaonedev/ai-memory-mcp/actions/runs/29683777541/job/88184468094	
ai-memory bench (ubuntu-latest)	pass	10m24s	https://github.com/alphaonedev/ai-memory-mcp/actions/runs/29683777551/job/88184468203	
Test-reachable stdin-read gate (#1989)	pass	22s	https://github.com/alphaonedev/ai-memory-mcp/actions/runs/29683777541/job/88184468078	
actionlint (workflow-injection guard)	pass	14s	https://github.com/alphaonedev/ai-memory-mcp/actions/runs/29683777545/job/88184737438	
Test-env $HOME-lock gate (#2146)	pass	11s	https://github.com/alphaonedev/ai-memory-mcp/actions/runs/29683777541/job/88184468088	
Check (ubuntu-latest)	pending	0	https://github.com/alphaonedev/ai-memory-mcp/actions/runs/29683777545/job/88184737476	
Check (windows-latest)	pending	0	https://github.com/alphaonedev/ai-memory-mcp/actions/runs/29683777545/job/88184737477	
Per-Module Coverage Thresholds	pending	0	https://github.com/alphaonedev/ai-memory-mcp/actions/runs/29683777546/job/88184526651	
Postgres feature gate	pending	0	https://github.com/alphaonedev/ai-memory-mcp/actions/runs/29683777545/job/88184737406	
SAL-only feature gate	pending	0	https://github.com/alphaonedev/ai-memory-mcp/actions/runs/29683777545/job/88184737410	
Refreshing checks status every 60 seconds. Press Ctrl+C to quit.

C8 caller-context allowlist check	pass	13s	https://github.com/alphaonedev/ai-memory-mcp/actions/runs/29683777541/job/88184468100	
Classify changes	pass	8s	https://github.com/alphaonedev/ai-memory-mcp/actions/runs/29683777545/job/88184487687	
Cloud-init ASCII gate	pass	7s	https://github.com/alphaonedev/ai-memory-mcp/actions/runs/29683777541/job/88184468102	
Coverage classify (docs-only short-circuit)	pass	9s	https://github.com/alphaonedev/ai-memory-mcp/actions/runs/29683777546/job/88184489633	
Cross-compile (aarch64-apple-ios)	pass	1m4s	https://github.com/alphaonedev/ai-memory-mcp/actions/runs/29683777545/job/88184737430	
Cross-compile (aarch64-linux-android)	pass	1m30s	https://github.com/alphaonedev/ai-memory-mcp/actions/runs/29683777545/job/88184737459	
Dockerfile build (no push)	pass	11m47s	https://github.com/alphaonedev/ai-memory-mcp/actions/runs/29683777545/job/88184737434	
Docs vs SSOT drift gate	pass	11s	https://github.com/alphaonedev/ai-memory-mcp/actions/runs/29683777541/job/88184468096	
Hardcoded-literal duplication ratchet (pm-v3.1)	pass	17s	https://github.com/alphaonedev/ai-memory-mcp/actions/runs/29683777541/job/88184468083	
L3-boundary perma-ban gate (§25.3 S5 / RQ-10	pass	6s	https://github.com/alphaonedev/ai-memory-mcp/actions/runs/29683777541/job/88184468089	
Check (macos-latest)	pending	0	https://github.com/alphaonedev/ai-memory-mcp/actions/runs/29683777545/job/88184737486	
Regenerate bench baseline (ubuntu-latest, median-of-3)	skipping	0	https://github.com/alphaonedev/ai-memory-mcp/actions/runs/29683777551/job/88184468465	
tool-count grep gate	pass	10s	https://github.com/alphaonedev/ai-memory-mcp/actions/runs/29683777543/job/88184468280	
Vendor-monoculture + SECS_PER_* lint-gate (#1174 PR10)	pass	18s	https://github.com/alphaonedev/ai-memory-mcp/actions/runs/29683777541/job/88184468104	
Lint (fmt + clippy)	pass	2m39s	https://github.com/alphaonedev/ai-memory-mcp/actions/runs/29683777545/job/88184737419	
MSRV (Rust 1.96)	pass	1m41s	https://github.com/alphaonedev/ai-memory-mcp/actions/runs/29683777545/job/88184737428	
Migration-ladder-uniqueness gate (guardrail-D)	pass	12s	https://github.com/alphaonedev/ai-memory-mcp/actions/runs/29683777541/job/88184468094	
ai-memory bench (ubuntu-latest)	pass	10m24s	https://github.com/alphaonedev/ai-memory-mcp/actions/runs/29683777551/job/88184468203	
Test-reachable stdin-read gate (#1989)	pass	22s	https://github.com/alphaonedev/ai-memory-mcp/actions/runs/29683777541/job/88184468078	
actionlint (workflow-injection guard)	pass	14s	https://github.com/alphaonedev/ai-memory-mcp/actions/runs/29683777545/job/88184737438	
Test-env $HOME-lock gate (#2146)	pass	11s	https://github.com/alphaonedev/ai-memory-mcp/actions/runs/29683777541/job/88184468088	
Check (ubuntu-latest)	pending	0	https://github.com/alphaonedev/ai-memory-mcp/actions/runs/29683777545/job/88184737476	
Check (windows-latest)	pending	0	https://github.com/alphaonedev/ai-memory-mcp/actions/runs/29683777545/job/88184737477	
Per-Module Coverage Thresholds	pending	0	https://github.com/alphaonedev/ai-memory-mcp/actions/runs/29683777546/job/88184526651	
Postgres feature gate	pending	0	https://github.com/alphaonedev/ai-memory-mcp/actions/runs/29683777545/job/88184737406	
SAL-only feature gate	pending	0	https://github.com/alphaonedev/ai-memory-mcp/actions/runs/29683777545/job/88184737410	
Refreshing checks status every 60 seconds. Press Ctrl+C to quit.

C8 caller-context allowlist check	pass	13s	https://github.com/alphaonedev/ai-memory-mcp/actions/runs/29683777541/job/88184468100	
Classify changes	pass	8s	https://github.com/alphaonedev/ai-memory-mcp/actions/runs/29683777545/job/88184487687	
Cloud-init ASCII gate	pass	7s	https://github.com/alphaonedev/ai-memory-mcp/actions/runs/29683777541/job/88184468102	
Coverage classify (docs-only short-circuit)	pass	9s	https://github.com/alphaonedev/ai-memory-mcp/actions/runs/29683777546/job/88184489633	
Cross-compile (aarch64-apple-ios)	pass	1m4s	https://github.com/alphaonedev/ai-memory-mcp/actions/runs/29683777545/job/88184737430	
Cross-compile (aarch64-linux-android)	pass	1m30s	https://github.com/alphaonedev/ai-memory-mcp/actions/runs/29683777545/job/88184737459	
Dockerfile build (no push)	pass	11m47s	https://github.com/alphaonedev/ai-memory-mcp/actions/runs/29683777545/job/88184737434	
Docs vs SSOT drift gate	pass	11s	https://github.com/alphaonedev/ai-memory-mcp/actions/runs/29683777541/job/88184468096	
Hardcoded-literal duplication ratchet (pm-v3.1)	pass	17s	https://github.com/alphaonedev/ai-memory-mcp/actions/runs/29683777541/job/88184468083	
L3-boundary perma-ban gate (§25.3 S5 / RQ-10	pass	6s	https://github.com/alphaonedev/ai-memory-mcp/actions/runs/29683777541/job/88184468089	
Check (macos-latest)	pending	0	https://github.com/alphaonedev/ai-memory-mcp/actions/runs/29683777545/job/88184737486	
Regenerate bench baseline (ubuntu-latest, median-of-3)	skipping	0	https://github.com/alphaonedev/ai-memory-mcp/actions/runs/29683777551/job/88184468465	
tool-count grep gate	pass	10s	https://github.com/alphaonedev/ai-memory-mcp/actions/runs/29683777543/job/88184468280	
Vendor-monoculture + SECS_PER_* lint-gate (#1174 PR10)	pass	18s	https://github.com/alphaonedev/ai-memory-mcp/actions/runs/29683777541/job/88184468104	
Lint (fmt + clippy)	pass	2m39s	https://github.com/alphaonedev/ai-memory-mcp/actions/runs/29683777545/job/88184737419	
MSRV (Rust 1.96)	pass	1m41s	https://github.com/alphaonedev/ai-memory-mcp/actions/runs/29683777545/job/88184737428	
Migration-ladder-uniqueness gate (guardrail-D)	pass	12s	https://github.com/alphaonedev/ai-memory-mcp/actions/runs/29683777541/job/88184468094	
ai-memory bench (ubuntu-latest)	pass	10m24s	https://github.com/alphaonedev/ai-memory-mcp/actions/runs/29683777551/job/88184468203	
Test-reachable stdin-read gate (#1989)	pass	22s	https://github.com/alphaonedev/ai-memory-mcp/actions/runs/29683777541/job/88184468078	
actionlint (workflow-injection guard)	pass	14s	https://github.com/alphaonedev/ai-memory-mcp/actions/runs/29683777545/job/88184737438	
Test-env $HOME-lock gate (#2146)	pass	11s	https://github.com/alphaonedev/ai-memory-mcp/actions/runs/29683777541/job/88184468088	
Check (ubuntu-latest)	pending	0	https://github.com/alphaonedev/ai-memory-mcp/actions/runs/29683777545/job/88184737476	
Check (windows-latest)	pending	0	https://github.com/alphaonedev/ai-memory-mcp/actions/runs/29683777545/job/88184737477	
Per-Module Coverage Thresholds	pending	0	https://github.com/alphaonedev/ai-memory-mcp/actions/runs/29683777546/job/88184526651	
Postgres feature gate	pending	0	https://github.com/alphaonedev/ai-memory-mcp/actions/runs/29683777545/job/88184737406	
SAL-only feature gate	pending	0	https://github.com/alphaonedev/ai-memory-mcp/actions/runs/29683777545/job/88184737410	
Refreshing checks status every 60 seconds. Press Ctrl+C to quit.

C8 caller-context allowlist check	pass	13s	https://github.com/alphaonedev/ai-memory-mcp/actions/runs/29683777541/job/88184468100	
Check (macos-latest)	pass	19m43s	https://github.com/alphaonedev/ai-memory-mcp/actions/runs/29683777545/job/88184737486	
Classify changes	pass	8s	https://github.com/alphaonedev/ai-memory-mcp/actions/runs/29683777545/job/88184487687	
Cloud-init ASCII gate	pass	7s	https://github.com/alphaonedev/ai-memory-mcp/actions/runs/29683777541/job/88184468102	
Coverage classify (docs-only short-circuit)	pass	9s	https://github.com/alphaonedev/ai-memory-mcp/actions/runs/29683777546/job/88184489633	
Cross-compile (aarch64-apple-ios)	pass	1m4s	https://github.com/alphaonedev/ai-memory-mcp/actions/runs/29683777545/job/88184737430	
Cross-compile (aarch64-linux-android)	pass	1m30s	https://github.com/alphaonedev/ai-memory-mcp/actions/runs/29683777545/job/88184737459	
Dockerfile build (no push)	pass	11m47s	https://github.com/alphaonedev/ai-memory-mcp/actions/runs/29683777545/job/88184737434	
Docs vs SSOT drift gate	pass	11s	https://github.com/alphaonedev/ai-memory-mcp/actions/runs/29683777541/job/88184468096	
Hardcoded-literal duplication ratchet (pm-v3.1)	pass	17s	https://github.com/alphaonedev/ai-memory-mcp/actions/runs/29683777541/job/88184468083	
L3-boundary perma-ban gate (§25.3 S5 / RQ-10	pass	6s	https://github.com/alphaonedev/ai-memory-mcp/actions/runs/29683777541/job/88184468089	
Lint (fmt + clippy)	pass	2m39s	https://github.com/alphaonedev/ai-memory-mcp/actions/runs/29683777545/job/88184737419	
MSRV (Rust 1.96)	pass	1m41s	https://github.com/alphaonedev/ai-memory-mcp/actions/runs/29683777545/job/88184737428	
Migration-ladder-uniqueness gate (guardrail-D)	pass	12s	https://github.com/alphaonedev/ai-memory-mcp/actions/runs/29683777541/job/88184468094	
SAL-only feature gate	pass	22m13s	https://github.com/alphaonedev/ai-memory-mcp/actions/runs/29683777545/job/88184737410	
Test-env $HOME-lock gate (#2146)	pass	11s	https://github.com/alphaonedev/ai-memory-mcp/actions/runs/29683777541/job/88184468088	
Test-reachable stdin-read gate (#1989)	pass	22s	https://github.com/alphaonedev/ai-memory-mcp/actions/runs/29683777541/job/88184468078	
Vendor-monoculture + SECS_PER_* lint-gate (#1174 PR10)	pass	18s	https://github.com/alphaonedev/ai-memory-mcp/actions/runs/29683777541/job/88184468104	
actionlint (workflow-injection guard)	pass	14s	https://github.com/alphaonedev/ai-memory-mcp/actions/runs/29683777545/job/88184737438	
ai-memory bench (ubuntu-latest)	pass	10m24s	https://github.com/alphaonedev/ai-memory-mcp/actions/runs/29683777551/job/88184468203	
Check (ubuntu-latest)	pending	0	https://github.com/alphaonedev/ai-memory-mcp/actions/runs/29683777545/job/88184737476	
Check (windows-latest)	pending	0	https://github.com/alphaonedev/ai-memory-mcp/actions/runs/29683777545/job/88184737477	
Per-Module Coverage Thresholds	pending	0	https://github.com/alphaonedev/ai-memory-mcp/actions/runs/29683777546/job/88184526651	
Postgres feature gate	pending	0	https://github.com/alphaonedev/ai-memory-mcp/actions/runs/29683777545/job/88184737406	
tool-count grep gate	pass	10s	https://github.com/alphaonedev/ai-memory-mcp/actions/runs/29683777543/job/88184468280	
Regenerate bench baseline (ubuntu-latest, median-of-3)	skipping	0	https://github.com/alphaonedev/ai-memory-mcp/actions/runs/29683777551/job/88184468465	
Refreshing checks status every 60 seconds. Press Ctrl+C to quit.

C8 caller-context allowlist check	pass	13s	https://github.com/alphaonedev/ai-memory-mcp/actions/runs/29683777541/job/88184468100	
Check (macos-latest)	pass	19m43s	https://github.com/alphaonedev/ai-memory-mcp/actions/runs/29683777545/job/88184737486	
Classify changes	pass	8s	https://github.com/alphaonedev/ai-memory-mcp/actions/runs/29683777545/job/88184487687	
Cloud-init ASCII gate	pass	7s	https://github.com/alphaonedev/ai-memory-mcp/actions/runs/29683777541/job/88184468102	
Coverage classify (docs-only short-circuit)	pass	9s	https://github.com/alphaonedev/ai-memory-mcp/actions/runs/29683777546/job/88184489633	
Cross-compile (aarch64-apple-ios)	pass	1m4s	https://github.com/alphaonedev/ai-memory-mcp/actions/runs/29683777545/job/88184737430	
Cross-compile (aarch64-linux-android)	pass	1m30s	https://github.com/alphaonedev/ai-memory-mcp/actions/runs/29683777545/job/88184737459	
Dockerfile build (no push)	pass	11m47s	https://github.com/alphaonedev/ai-memory-mcp/actions/runs/29683777545/job/88184737434	
Docs vs SSOT drift gate	pass	11s	https://github.com/alphaonedev/ai-memory-mcp/actions/runs/29683777541/job/88184468096	
Hardcoded-literal duplication ratchet (pm-v3.1)	pass	17s	https://github.com/alphaonedev/ai-memory-mcp/actions/runs/29683777541/job/88184468083	
L3-boundary perma-ban gate (§25.3 S5 / RQ-10	pass	6s	https://github.com/alphaonedev/ai-memory-mcp/actions/runs/29683777541/job/88184468089	
Lint (fmt + clippy)	pass	2m39s	https://github.com/alphaonedev/ai-memory-mcp/actions/runs/29683777545/job/88184737419	
MSRV (Rust 1.96)	pass	1m41s	https://github.com/alphaonedev/ai-memory-mcp/actions/runs/29683777545/job/88184737428	
Migration-ladder-uniqueness gate (guardrail-D)	pass	12s	https://github.com/alphaonedev/ai-memory-mcp/actions/runs/29683777541/job/88184468094	
SAL-only feature gate	pass	22m13s	https://github.com/alphaonedev/ai-memory-mcp/actions/runs/29683777545/job/88184737410	
Test-env $HOME-lock gate (#2146)	pass	11s	https://github.com/alphaonedev/ai-memory-mcp/actions/runs/29683777541/job/88184468088	
Test-reachable stdin-read gate (#1989)	pass	22s	https://github.com/alphaonedev/ai-memory-mcp/actions/runs/29683777541/job/88184468078	
Vendor-monoculture + SECS_PER_* lint-gate (#1174 PR10)	pass	18s	https://github.com/alphaonedev/ai-memory-mcp/actions/runs/29683777541/job/88184468104	
actionlint (workflow-injection guard)	pass	14s	https://github.com/alphaonedev/ai-memory-mcp/actions/runs/29683777545/job/88184737438	
ai-memory bench (ubuntu-latest)	pass	10m24s	https://github.com/alphaonedev/ai-memory-mcp/actions/runs/29683777551/job/88184468203	
Check (ubuntu-latest)	pending	0	https://github.com/alphaonedev/ai-memory-mcp/actions/runs/29683777545/job/88184737476	
Check (windows-latest)	pending	0	https://github.com/alphaonedev/ai-memory-mcp/actions/runs/29683777545/job/88184737477	
Per-Module Coverage Thresholds	pending	0	https://github.com/alphaonedev/ai-memory-mcp/actions/runs/29683777546/job/88184526651	
Postgres feature gate	pending	0	https://github.com/alphaonedev/ai-memory-mcp/actions/runs/29683777545/job/88184737406	
tool-count grep gate	pass	10s	https://github.com/alphaonedev/ai-memory-mcp/actions/runs/29683777543/job/88184468280	
Regenerate bench baseline (ubuntu-latest, median-of-3)	skipping	0	https://github.com/alphaonedev/ai-memory-mcp/actions/runs/29683777551/job/88184468465	
Refreshing checks status every 60 seconds. Press Ctrl+C to quit.

C8 caller-context allowlist check	pass	13s	https://github.com/alphaonedev/ai-memory-mcp/actions/runs/29683777541/job/88184468100	
Check (macos-latest)	pass	19m43s	https://github.com/alphaonedev/ai-memory-mcp/actions/runs/29683777545/job/88184737486	
Classify changes	pass	8s	https://github.com/alphaonedev/ai-memory-mcp/actions/runs/29683777545/job/88184487687	
Cloud-init ASCII gate	pass	7s	https://github.com/alphaonedev/ai-memory-mcp/actions/runs/29683777541/job/88184468102	
Coverage classify (docs-only short-circuit)	pass	9s	https://github.com/alphaonedev/ai-memory-mcp/actions/runs/29683777546/job/88184489633	
Cross-compile (aarch64-apple-ios)	pass	1m4s	https://github.com/alphaonedev/ai-memory-mcp/actions/runs/29683777545/job/88184737430	
Cross-compile (aarch64-linux-android)	pass	1m30s	https://github.com/alphaonedev/ai-memory-mcp/actions/runs/29683777545/job/88184737459	
Dockerfile build (no push)	pass	11m47s	https://github.com/alphaonedev/ai-memory-mcp/actions/runs/29683777545/job/88184737434	
Docs vs SSOT drift gate	pass	11s	https://github.com/alphaonedev/ai-memory-mcp/actions/runs/29683777541/job/88184468096	
Hardcoded-literal duplication ratchet (pm-v3.1)	pass	17s	https://github.com/alphaonedev/ai-memory-mcp/actions/runs/29683777541/job/88184468083	
L3-boundary perma-ban gate (§25.3 S5 / RQ-10	pass	6s	https://github.com/alphaonedev/ai-memory-mcp/actions/runs/29683777541/job/88184468089	
Lint (fmt + clippy)	pass	2m39s	https://github.com/alphaonedev/ai-memory-mcp/actions/runs/29683777545/job/88184737419	
MSRV (Rust 1.96)	pass	1m41s	https://github.com/alphaonedev/ai-memory-mcp/actions/runs/29683777545/job/88184737428	
Migration-ladder-uniqueness gate (guardrail-D)	pass	12s	https://github.com/alphaonedev/ai-memory-mcp/actions/runs/29683777541/job/88184468094	
SAL-only feature gate	pass	22m13s	https://github.com/alphaonedev/ai-memory-mcp/actions/runs/29683777545/job/88184737410	
Test-env $HOME-lock gate (#2146)	pass	11s	https://github.com/alphaonedev/ai-memory-mcp/actions/runs/29683777541/job/88184468088	
Test-reachable stdin-read gate (#1989)	pass	22s	https://github.com/alphaonedev/ai-memory-mcp/actions/runs/29683777541/job/88184468078	
Vendor-monoculture + SECS_PER_* lint-gate (#1174 PR10)	pass	18s	https://github.com/alphaonedev/ai-memory-mcp/actions/runs/29683777541/job/88184468104	
actionlint (workflow-injection guard)	pass	14s	https://github.com/alphaonedev/ai-memory-mcp/actions/runs/29683777545/job/88184737438	
ai-memory bench (ubuntu-latest)	pass	10m24s	https://github.com/alphaonedev/ai-memory-mcp/actions/runs/29683777551/job/88184468203	
Check (ubuntu-latest)	pending	0	https://github.com/alphaonedev/ai-memory-mcp/actions/runs/29683777545/job/88184737476	
Check (windows-latest)	pending	0	https://github.com/alphaonedev/ai-memory-mcp/actions/runs/29683777545/job/88184737477	
Per-Module Coverage Thresholds	pending	0	https://github.com/alphaonedev/ai-memory-mcp/actions/runs/29683777546/job/88184526651	
Postgres feature gate	pending	0	https://github.com/alphaonedev/ai-memory-mcp/actions/runs/29683777545/job/88184737406	
tool-count grep gate	pass	10s	https://github.com/alphaonedev/ai-memory-mcp/actions/runs/29683777543/job/88184468280	
Regenerate bench baseline (ubuntu-latest, median-of-3)	skipping	0	https://github.com/alphaonedev/ai-memory-mcp/actions/runs/29683777551/job/88184468465	
Refreshing checks status every 60 seconds. Press Ctrl+C to quit.

C8 caller-context allowlist check	pass	13s	https://github.com/alphaonedev/ai-memory-mcp/actions/runs/29683777541/job/88184468100	
Check (macos-latest)	pass	19m43s	https://github.com/alphaonedev/ai-memory-mcp/actions/runs/29683777545/job/88184737486	
Classify changes	pass	8s	https://github.com/alphaonedev/ai-memory-mcp/actions/runs/29683777545/job/88184487687	
Cloud-init ASCII gate	pass	7s	https://github.com/alphaonedev/ai-memory-mcp/actions/runs/29683777541/job/88184468102	
Coverage classify (docs-only short-circuit)	pass	9s	https://github.com/alphaonedev/ai-memory-mcp/actions/runs/29683777546/job/88184489633	
Cross-compile (aarch64-apple-ios)	pass	1m4s	https://github.com/alphaonedev/ai-memory-mcp/actions/runs/29683777545/job/88184737430	
Cross-compile (aarch64-linux-android)	pass	1m30s	https://github.com/alphaonedev/ai-memory-mcp/actions/runs/29683777545/job/88184737459	
Dockerfile build (no push)	pass	11m47s	https://github.com/alphaonedev/ai-memory-mcp/actions/runs/29683777545/job/88184737434	
Docs vs SSOT drift gate	pass	11s	https://github.com/alphaonedev/ai-memory-mcp/actions/runs/29683777541/job/88184468096	
Hardcoded-literal duplication ratchet (pm-v3.1)	pass	17s	https://github.com/alphaonedev/ai-memory-mcp/actions/runs/29683777541/job/88184468083	
L3-boundary perma-ban gate (§25.3 S5 / RQ-10	pass	6s	https://github.com/alphaonedev/ai-memory-mcp/actions/runs/29683777541/job/88184468089	
Lint (fmt + clippy)	pass	2m39s	https://github.com/alphaonedev/ai-memory-mcp/actions/runs/29683777545/job/88184737419	
MSRV (Rust 1.96)	pass	1m41s	https://github.com/alphaonedev/ai-memory-mcp/actions/runs/29683777545/job/88184737428	
Migration-ladder-uniqueness gate (guardrail-D)	pass	12s	https://github.com/alphaonedev/ai-memory-mcp/actions/runs/29683777541/job/88184468094	
SAL-only feature gate	pass	22m13s	https://github.com/alphaonedev/ai-memory-mcp/actions/runs/29683777545/job/88184737410	
Test-env $HOME-lock gate (#2146)	pass	11s	https://github.com/alphaonedev/ai-memory-mcp/actions/runs/29683777541/job/88184468088	
Test-reachable stdin-read gate (#1989)	pass	22s	https://github.com/alphaonedev/ai-memory-mcp/actions/runs/29683777541/job/88184468078	
Vendor-monoculture + SECS_PER_* lint-gate (#1174 PR10)	pass	18s	https://github.com/alphaonedev/ai-memory-mcp/actions/runs/29683777541/job/88184468104	
actionlint (workflow-injection guard)	pass	14s	https://github.com/alphaonedev/ai-memory-mcp/actions/runs/29683777545/job/88184737438	
ai-memory bench (ubuntu-latest)	pass	10m24s	https://github.com/alphaonedev/ai-memory-mcp/actions/runs/29683777551/job/88184468203	
Check (ubuntu-latest)	pending	0	https://github.com/alphaonedev/ai-memory-mcp/actions/runs/29683777545/job/88184737476	
Check (windows-latest)	pending	0	https://github.com/alphaonedev/ai-memory-mcp/actions/runs/29683777545/job/88184737477	
Per-Module Coverage Thresholds	pending	0	https://github.com/alphaonedev/ai-memory-mcp/actions/runs/29683777546/job/88184526651	
Postgres feature gate	pending	0	https://github.com/alphaonedev/ai-memory-mcp/actions/runs/29683777545/job/88184737406	
tool-count grep gate	pass	10s	https://github.com/alphaonedev/ai-memory-mcp/actions/runs/29683777543/job/88184468280	
Regenerate bench baseline (ubuntu-latest, median-of-3)	skipping	0	https://github.com/alphaonedev/ai-memory-mcp/actions/runs/29683777551/job/88184468465	
Refreshing checks status every 60 seconds. Press Ctrl+C to quit.

C8 caller-context allowlist check	pass	13s	https://github.com/alphaonedev/ai-memory-mcp/actions/runs/29683777541/job/88184468100	
Check (macos-latest)	pass	19m43s	https://github.com/alphaonedev/ai-memory-mcp/actions/runs/29683777545/job/88184737486	
Classify changes	pass	8s	https://github.com/alphaonedev/ai-memory-mcp/actions/runs/29683777545/job/88184487687	
Cloud-init ASCII gate	pass	7s	https://github.com/alphaonedev/ai-memory-mcp/actions/runs/29683777541/job/88184468102	
Coverage classify (docs-only short-circuit)	pass	9s	https://github.com/alphaonedev/ai-memory-mcp/actions/runs/29683777546/job/88184489633	
Cross-compile (aarch64-apple-ios)	pass	1m4s	https://github.com/alphaonedev/ai-memory-mcp/actions/runs/29683777545/job/88184737430	
Cross-compile (aarch64-linux-android)	pass	1m30s	https://github.com/alphaonedev/ai-memory-mcp/actions/runs/29683777545/job/88184737459	
Dockerfile build (no push)	pass	11m47s	https://github.com/alphaonedev/ai-memory-mcp/actions/runs/29683777545/job/88184737434	
Docs vs SSOT drift gate	pass	11s	https://github.com/alphaonedev/ai-memory-mcp/actions/runs/29683777541/job/88184468096	
Hardcoded-literal duplication ratchet (pm-v3.1)	pass	17s	https://github.com/alphaonedev/ai-memory-mcp/actions/runs/29683777541/job/88184468083	
L3-boundary perma-ban gate (§25.3 S5 / RQ-10	pass	6s	https://github.com/alphaonedev/ai-memory-mcp/actions/runs/29683777541/job/88184468089	
Lint (fmt + clippy)	pass	2m39s	https://github.com/alphaonedev/ai-memory-mcp/actions/runs/29683777545/job/88184737419	
MSRV (Rust 1.96)	pass	1m41s	https://github.com/alphaonedev/ai-memory-mcp/actions/runs/29683777545/job/88184737428	
Migration-ladder-uniqueness gate (guardrail-D)	pass	12s	https://github.com/alphaonedev/ai-memory-mcp/actions/runs/29683777541/job/88184468094	
Postgres feature gate	pass	26m28s	https://github.com/alphaonedev/ai-memory-mcp/actions/runs/29683777545/job/88184737406	
SAL-only feature gate	pass	22m13s	https://github.com/alphaonedev/ai-memory-mcp/actions/runs/29683777545/job/88184737410	
Test-env $HOME-lock gate (#2146)	pass	11s	https://github.com/alphaonedev/ai-memory-mcp/actions/runs/29683777541/job/88184468088	
Test-reachable stdin-read gate (#1989)	pass	22s	https://github.com/alphaonedev/ai-memory-mcp/actions/runs/29683777541/job/88184468078	
Vendor-monoculture + SECS_PER_* lint-gate (#1174 PR10)	pass	18s	https://github.com/alphaonedev/ai-memory-mcp/actions/runs/29683777541/job/88184468104	
actionlint (workflow-injection guard)	pass	14s	https://github.com/alphaonedev/ai-memory-mcp/actions/runs/29683777545/job/88184737438	
ai-memory bench (ubuntu-latest)	pass	10m24s	https://github.com/alphaonedev/ai-memory-mcp/actions/runs/29683777551/job/88184468203	
Check (ubuntu-latest)	pending	0	https://github.com/alphaonedev/ai-memory-mcp/actions/runs/29683777545/job/88184737476	
Check (windows-latest)	pending	0	https://github.com/alphaonedev/ai-memory-mcp/actions/runs/29683777545/job/88184737477	
Per-Module Coverage Thresholds	pending	0	https://github.com/alphaonedev/ai-memory-mcp/actions/runs/29683777546/job/88184526651	
tool-count grep gate	pass	10s	https://github.com/alphaonedev/ai-memory-mcp/actions/runs/29683777543/job/88184468280	
Regenerate bench baseline (ubuntu-latest, median-of-3)	skipping	0	https://github.com/alphaonedev/ai-memory-mcp/actions/runs/29683777551/job/88184468465	
Refreshing checks status every 60 seconds. Press Ctrl+C to quit.

C8 caller-context allowlist check	pass	13s	https://github.com/alphaonedev/ai-memory-mcp/actions/runs/29683777541/job/88184468100	
Check (macos-latest)	pass	19m43s	https://github.com/alphaonedev/ai-memory-mcp/actions/runs/29683777545/job/88184737486	
Classify changes	pass	8s	https://github.com/alphaonedev/ai-memory-mcp/actions/runs/29683777545/job/88184487687	
Cloud-init ASCII gate	pass	7s	https://github.com/alphaonedev/ai-memory-mcp/actions/runs/29683777541/job/88184468102	
Coverage classify (docs-only short-circuit)	pass	9s	https://github.com/alphaonedev/ai-memory-mcp/actions/runs/29683777546/job/88184489633	
Cross-compile (aarch64-apple-ios)	pass	1m4s	https://github.com/alphaonedev/ai-memory-mcp/actions/runs/29683777545/job/88184737430	
Cross-compile (aarch64-linux-android)	pass	1m30s	https://github.com/alphaonedev/ai-memory-mcp/actions/runs/29683777545/job/88184737459	
Dockerfile build (no push)	pass	11m47s	https://github.com/alphaonedev/ai-memory-mcp/actions/runs/29683777545/job/88184737434	
Docs vs SSOT drift gate	pass	11s	https://github.com/alphaonedev/ai-memory-mcp/actions/runs/29683777541/job/88184468096	
Hardcoded-literal duplication ratchet (pm-v3.1)	pass	17s	https://github.com/alphaonedev/ai-memory-mcp/actions/runs/29683777541/job/88184468083	
L3-boundary perma-ban gate (§25.3 S5 / RQ-10	pass	6s	https://github.com/alphaonedev/ai-memory-mcp/actions/runs/29683777541/job/88184468089	
Lint (fmt + clippy)	pass	2m39s	https://github.com/alphaonedev/ai-memory-mcp/actions/runs/29683777545/job/88184737419	
MSRV (Rust 1.96)	pass	1m41s	https://github.com/alphaonedev/ai-memory-mcp/actions/runs/29683777545/job/88184737428	
Migration-ladder-uniqueness gate (guardrail-D)	pass	12s	https://github.com/alphaonedev/ai-memory-mcp/actions/runs/29683777541/job/88184468094	
Postgres feature gate	pass	26m28s	https://github.com/alphaonedev/ai-memory-mcp/actions/runs/29683777545/job/88184737406	
SAL-only feature gate	pass	22m13s	https://github.com/alphaonedev/ai-memory-mcp/actions/runs/29683777545/job/88184737410	
Test-env $HOME-lock gate (#2146)	pass	11s	https://github.com/alphaonedev/ai-memory-mcp/actions/runs/29683777541/job/88184468088	
Test-reachable stdin-read gate (#1989)	pass	22s	https://github.com/alphaonedev/ai-memory-mcp/actions/runs/29683777541/job/88184468078	
Vendor-monoculture + SECS_PER_* lint-gate (#1174 PR10)	pass	18s	https://github.com/alphaonedev/ai-memory-mcp/actions/runs/29683777541/job/88184468104	
actionlint (workflow-injection guard)	pass	14s	https://github.com/alphaonedev/ai-memory-mcp/actions/runs/29683777545/job/88184737438	
ai-memory bench (ubuntu-latest)	pass	10m24s	https://github.com/alphaonedev/ai-memory-mcp/actions/runs/29683777551/job/88184468203	
Check (ubuntu-latest)	pending	0	https://github.com/alphaonedev/ai-memory-mcp/actions/runs/29683777545/job/88184737476	
Check (windows-latest)	pending	0	https://github.com/alphaonedev/ai-memory-mcp/actions/runs/29683777545/job/88184737477	
Per-Module Coverage Thresholds	pending	0	https://github.com/alphaonedev/ai-memory-mcp/actions/runs/29683777546/job/88184526651	
tool-count grep gate	pass	10s	https://github.com/alphaonedev/ai-memory-mcp/actions/runs/29683777543/job/88184468280	
Regenerate bench baseline (ubuntu-latest, median-of-3)	skipping	0	https://github.com/alphaonedev/ai-memory-mcp/actions/runs/29683777551/job/88184468465	
Refreshing checks status every 60 seconds. Press Ctrl+C to quit.

C8 caller-context allowlist check	pass	13s	https://github.com/alphaonedev/ai-memory-mcp/actions/runs/29683777541/job/88184468100	
Check (macos-latest)	pass	19m43s	https://github.com/alphaonedev/ai-memory-mcp/actions/runs/29683777545/job/88184737486	
Classify changes	pass	8s	https://github.com/alphaonedev/ai-memory-mcp/actions/runs/29683777545/job/88184487687	
Cloud-init ASCII gate	pass	7s	https://github.com/alphaonedev/ai-memory-mcp/actions/runs/29683777541/job/88184468102	
Coverage classify (docs-only short-circuit)	pass	9s	https://github.com/alphaonedev/ai-memory-mcp/actions/runs/29683777546/job/88184489633	
Cross-compile (aarch64-apple-ios)	pass	1m4s	https://github.com/alphaonedev/ai-memory-mcp/actions/runs/29683777545/job/88184737430	
Cross-compile (aarch64-linux-android)	pass	1m30s	https://github.com/alphaonedev/ai-memory-mcp/actions/runs/29683777545/job/88184737459	
Dockerfile build (no push)	pass	11m47s	https://github.com/alphaonedev/ai-memory-mcp/actions/runs/29683777545/job/88184737434	
Docs vs SSOT drift gate	pass	11s	https://github.com/alphaonedev/ai-memory-mcp/actions/runs/29683777541/job/88184468096	
Hardcoded-literal duplication ratchet (pm-v3.1)	pass	17s	https://github.com/alphaonedev/ai-memory-mcp/actions/runs/29683777541/job/88184468083	
L3-boundary perma-ban gate (§25.3 S5 / RQ-10	pass	6s	https://github.com/alphaonedev/ai-memory-mcp/actions/runs/29683777541/job/88184468089	
Lint (fmt + clippy)	pass	2m39s	https://github.com/alphaonedev/ai-memory-mcp/actions/runs/29683777545/job/88184737419	
MSRV (Rust 1.96)	pass	1m41s	https://github.com/alphaonedev/ai-memory-mcp/actions/runs/29683777545/job/88184737428	
Migration-ladder-uniqueness gate (guardrail-D)	pass	12s	https://github.com/alphaonedev/ai-memory-mcp/actions/runs/29683777541/job/88184468094	
Postgres feature gate	pass	26m28s	https://github.com/alphaonedev/ai-memory-mcp/actions/runs/29683777545/job/88184737406	
SAL-only feature gate	pass	22m13s	https://github.com/alphaonedev/ai-memory-mcp/actions/runs/29683777545/job/88184737410	
Test-env $HOME-lock gate (#2146)	pass	11s	https://github.com/alphaonedev/ai-memory-mcp/actions/runs/29683777541/job/88184468088	
Test-reachable stdin-read gate (#1989)	pass	22s	https://github.com/alphaonedev/ai-memory-mcp/actions/runs/29683777541/job/88184468078	
Vendor-monoculture + SECS_PER_* lint-gate (#1174 PR10)	pass	18s	https://github.com/alphaonedev/ai-memory-mcp/actions/runs/29683777541/job/88184468104	
actionlint (workflow-injection guard)	pass	14s	https://github.com/alphaonedev/ai-memory-mcp/actions/runs/29683777545/job/88184737438	
ai-memory bench (ubuntu-latest)	pass	10m24s	https://github.com/alphaonedev/ai-memory-mcp/actions/runs/29683777551/job/88184468203	
Check (ubuntu-latest)	pending	0	https://github.com/alphaonedev/ai-memory-mcp/actions/runs/29683777545/job/88184737476	
Check (windows-latest)	pending	0	https://github.com/alphaonedev/ai-memory-mcp/actions/runs/29683777545/job/88184737477	
Per-Module Coverage Thresholds	pending	0	https://github.com/alphaonedev/ai-memory-mcp/actions/runs/29683777546/job/88184526651	
tool-count grep gate	pass	10s	https://github.com/alphaonedev/ai-memory-mcp/actions/runs/29683777543/job/88184468280	
Regenerate bench baseline (ubuntu-latest, median-of-3)	skipping	0	https://github.com/alphaonedev/ai-memory-mcp/actions/runs/29683777551/job/88184468465	
Refreshing checks status every 60 seconds. Press Ctrl+C to quit.

C8 caller-context allowlist check	pass	13s	https://github.com/alphaonedev/ai-memory-mcp/actions/runs/29683777541/job/88184468100	
Check (macos-latest)	pass	19m43s	https://github.com/alphaonedev/ai-memory-mcp/actions/runs/29683777545/job/88184737486	
Classify changes	pass	8s	https://github.com/alphaonedev/ai-memory-mcp/actions/runs/29683777545/job/88184487687	
Cloud-init ASCII gate	pass	7s	https://github.com/alphaonedev/ai-memory-mcp/actions/runs/29683777541/job/88184468102	
Coverage classify (docs-only short-circuit)	pass	9s	https://github.com/alphaonedev/ai-memory-mcp/actions/runs/29683777546/job/88184489633	
Cross-compile (aarch64-apple-ios)	pass	1m4s	https://github.com/alphaonedev/ai-memory-mcp/actions/runs/29683777545/job/88184737430	
Cross-compile (aarch64-linux-android)	pass	1m30s	https://github.com/alphaonedev/ai-memory-mcp/actions/runs/29683777545/job/88184737459	
Dockerfile build (no push)	pass	11m47s	https://github.com/alphaonedev/ai-memory-mcp/actions/runs/29683777545/job/88184737434	
Docs vs SSOT drift gate	pass	11s	https://github.com/alphaonedev/ai-memory-mcp/actions/runs/29683777541/job/88184468096	
Hardcoded-literal duplication ratchet (pm-v3.1)	pass	17s	https://github.com/alphaonedev/ai-memory-mcp/actions/runs/29683777541/job/88184468083	
L3-boundary perma-ban gate (§25.3 S5 / RQ-10	pass	6s	https://github.com/alphaonedev/ai-memory-mcp/actions/runs/29683777541/job/88184468089	
Lint (fmt + clippy)	pass	2m39s	https://github.com/alphaonedev/ai-memory-mcp/actions/runs/29683777545/job/88184737419	
MSRV (Rust 1.96)	pass	1m41s	https://github.com/alphaonedev/ai-memory-mcp/actions/runs/29683777545/job/88184737428	
Migration-ladder-uniqueness gate (guardrail-D)	pass	12s	https://github.com/alphaonedev/ai-memory-mcp/actions/runs/29683777541/job/88184468094	
Postgres feature gate	pass	26m28s	https://github.com/alphaonedev/ai-memory-mcp/actions/runs/29683777545/job/88184737406	
SAL-only feature gate	pass	22m13s	https://github.com/alphaonedev/ai-memory-mcp/actions/runs/29683777545/job/88184737410	
Test-env $HOME-lock gate (#2146)	pass	11s	https://github.com/alphaonedev/ai-memory-mcp/actions/runs/29683777541/job/88184468088	
Test-reachable stdin-read gate (#1989)	pass	22s	https://github.com/alphaonedev/ai-memory-mcp/actions/runs/29683777541/job/88184468078	
Vendor-monoculture + SECS_PER_* lint-gate (#1174 PR10)	pass	18s	https://github.com/alphaonedev/ai-memory-mcp/actions/runs/29683777541/job/88184468104	
actionlint (workflow-injection guard)	pass	14s	https://github.com/alphaonedev/ai-memory-mcp/actions/runs/29683777545/job/88184737438	
ai-memory bench (ubuntu-latest)	pass	10m24s	https://github.com/alphaonedev/ai-memory-mcp/actions/runs/29683777551/job/88184468203	
Check (ubuntu-latest)	pending	0	https://github.com/alphaonedev/ai-memory-mcp/actions/runs/29683777545/job/88184737476	
Check (windows-latest)	pending	0	https://github.com/alphaonedev/ai-memory-mcp/actions/runs/29683777545/job/88184737477	
Per-Module Coverage Thresholds	pending	0	https://github.com/alphaonedev/ai-memory-mcp/actions/runs/29683777546/job/88184526651	
tool-count grep gate	pass	10s	https://github.com/alphaonedev/ai-memory-mcp/actions/runs/29683777543/job/88184468280	
Regenerate bench baseline (ubuntu-latest, median-of-3)	skipping	0	https://github.com/alphaonedev/ai-memory-mcp/actions/runs/29683777551/job/88184468465	
Refreshing checks status every 60 seconds. Press Ctrl+C to quit.

C8 caller-context allowlist check	pass	13s	https://github.com/alphaonedev/ai-memory-mcp/actions/runs/29683777541/job/88184468100	
Check (macos-latest)	pass	19m43s	https://github.com/alphaonedev/ai-memory-mcp/actions/runs/29683777545/job/88184737486	
Classify changes	pass	8s	https://github.com/alphaonedev/ai-memory-mcp/actions/runs/29683777545/job/88184487687	
Cloud-init ASCII gate	pass	7s	https://github.com/alphaonedev/ai-memory-mcp/actions/runs/29683777541/job/88184468102	
Coverage classify (docs-only short-circuit)	pass	9s	https://github.com/alphaonedev/ai-memory-mcp/actions/runs/29683777546/job/88184489633	
Cross-compile (aarch64-apple-ios)	pass	1m4s	https://github.com/alphaonedev/ai-memory-mcp/actions/runs/29683777545/job/88184737430	
Cross-compile (aarch64-linux-android)	pass	1m30s	https://github.com/alphaonedev/ai-memory-mcp/actions/runs/29683777545/job/88184737459	
Dockerfile build (no push)	pass	11m47s	https://github.com/alphaonedev/ai-memory-mcp/actions/runs/29683777545/job/88184737434	
Docs vs SSOT drift gate	pass	11s	https://github.com/alphaonedev/ai-memory-mcp/actions/runs/29683777541/job/88184468096	
Hardcoded-literal duplication ratchet (pm-v3.1)	pass	17s	https://github.com/alphaonedev/ai-memory-mcp/actions/runs/29683777541/job/88184468083	
L3-boundary perma-ban gate (§25.3 S5 / RQ-10	pass	6s	https://github.com/alphaonedev/ai-memory-mcp/actions/runs/29683777541/job/88184468089	
Lint (fmt + clippy)	pass	2m39s	https://github.com/alphaonedev/ai-memory-mcp/actions/runs/29683777545/job/88184737419	
MSRV (Rust 1.96)	pass	1m41s	https://github.com/alphaonedev/ai-memory-mcp/actions/runs/29683777545/job/88184737428	
Migration-ladder-uniqueness gate (guardrail-D)	pass	12s	https://github.com/alphaonedev/ai-memory-mcp/actions/runs/29683777541/job/88184468094	
Postgres feature gate	pass	26m28s	https://github.com/alphaonedev/ai-memory-mcp/actions/runs/29683777545/job/88184737406	
SAL-only feature gate	pass	22m13s	https://github.com/alphaonedev/ai-memory-mcp/actions/runs/29683777545/job/88184737410	
Test-env $HOME-lock gate (#2146)	pass	11s	https://github.com/alphaonedev/ai-memory-mcp/actions/runs/29683777541/job/88184468088	
Test-reachable stdin-read gate (#1989)	pass	22s	https://github.com/alphaonedev/ai-memory-mcp/actions/runs/29683777541/job/88184468078	
Vendor-monoculture + SECS_PER_* lint-gate (#1174 PR10)	pass	18s	https://github.com/alphaonedev/ai-memory-mcp/actions/runs/29683777541/job/88184468104	
actionlint (workflow-injection guard)	pass	14s	https://github.com/alphaonedev/ai-memory-mcp/actions/runs/29683777545/job/88184737438	
ai-memory bench (ubuntu-latest)	pass	10m24s	https://github.com/alphaonedev/ai-memory-mcp/actions/runs/29683777551/job/88184468203	
Check (ubuntu-latest)	pending	0	https://github.com/alphaonedev/ai-memory-mcp/actions/runs/29683777545/job/88184737476	
Check (windows-latest)	pending	0	https://github.com/alphaonedev/ai-memory-mcp/actions/runs/29683777545/job/88184737477	
Per-Module Coverage Thresholds	pending	0	https://github.com/alphaonedev/ai-memory-mcp/actions/runs/29683777546/job/88184526651	
tool-count grep gate	pass	10s	https://github.com/alphaonedev/ai-memory-mcp/actions/runs/29683777543/job/88184468280	
Regenerate bench baseline (ubuntu-latest, median-of-3)	skipping	0	https://github.com/alphaonedev/ai-memory-mcp/actions/runs/29683777551/job/88184468465	
Refreshing checks status every 60 seconds. Press Ctrl+C to quit.

C8 caller-context allowlist check	pass	13s	https://github.com/alphaonedev/ai-memory-mcp/actions/runs/29683777541/job/88184468100	
Check (macos-latest)	pass	19m43s	https://github.com/alphaonedev/ai-memory-mcp/actions/runs/29683777545/job/88184737486	
Classify changes	pass	8s	https://github.com/alphaonedev/ai-memory-mcp/actions/runs/29683777545/job/88184487687	
Cloud-init ASCII gate	pass	7s	https://github.com/alphaonedev/ai-memory-mcp/actions/runs/29683777541/job/88184468102	
Coverage classify (docs-only short-circuit)	pass	9s	https://github.com/alphaonedev/ai-memory-mcp/actions/runs/29683777546/job/88184489633	
Cross-compile (aarch64-apple-ios)	pass	1m4s	https://github.com/alphaonedev/ai-memory-mcp/actions/runs/29683777545/job/88184737430	
Cross-compile (aarch64-linux-android)	pass	1m30s	https://github.com/alphaonedev/ai-memory-mcp/actions/runs/29683777545/job/88184737459	
Dockerfile build (no push)	pass	11m47s	https://github.com/alphaonedev/ai-memory-mcp/actions/runs/29683777545/job/88184737434	
Docs vs SSOT drift gate	pass	11s	https://github.com/alphaonedev/ai-memory-mcp/actions/runs/29683777541/job/88184468096	
Hardcoded-literal duplication ratchet (pm-v3.1)	pass	17s	https://github.com/alphaonedev/ai-memory-mcp/actions/runs/29683777541/job/88184468083	
L3-boundary perma-ban gate (§25.3 S5 / RQ-10	pass	6s	https://github.com/alphaonedev/ai-memory-mcp/actions/runs/29683777541/job/88184468089	
Lint (fmt + clippy)	pass	2m39s	https://github.com/alphaonedev/ai-memory-mcp/actions/runs/29683777545/job/88184737419	
MSRV (Rust 1.96)	pass	1m41s	https://github.com/alphaonedev/ai-memory-mcp/actions/runs/29683777545/job/88184737428	
Migration-ladder-uniqueness gate (guardrail-D)	pass	12s	https://github.com/alphaonedev/ai-memory-mcp/actions/runs/29683777541/job/88184468094	
Postgres feature gate	pass	26m28s	https://github.com/alphaonedev/ai-memory-mcp/actions/runs/29683777545/job/88184737406	
SAL-only feature gate	pass	22m13s	https://github.com/alphaonedev/ai-memory-mcp/actions/runs/29683777545/job/88184737410	
Test-env $HOME-lock gate (#2146)	pass	11s	https://github.com/alphaonedev/ai-memory-mcp/actions/runs/29683777541/job/88184468088	
Test-reachable stdin-read gate (#1989)	pass	22s	https://github.com/alphaonedev/ai-memory-mcp/actions/runs/29683777541/job/88184468078	
Vendor-monoculture + SECS_PER_* lint-gate (#1174 PR10)	pass	18s	https://github.com/alphaonedev/ai-memory-mcp/actions/runs/29683777541/job/88184468104	
actionlint (workflow-injection guard)	pass	14s	https://github.com/alphaonedev/ai-memory-mcp/actions/runs/29683777545/job/88184737438	
ai-memory bench (ubuntu-latest)	pass	10m24s	https://github.com/alphaonedev/ai-memory-mcp/actions/runs/29683777551/job/88184468203	
Check (ubuntu-latest)	pending	0	https://github.com/alphaonedev/ai-memory-mcp/actions/runs/29683777545/job/88184737476	
Check (windows-latest)	pending	0	https://github.com/alphaonedev/ai-memory-mcp/actions/runs/29683777545/job/88184737477	
Per-Module Coverage Thresholds	pending	0	https://github.com/alphaonedev/ai-memory-mcp/actions/runs/29683777546/job/88184526651	
tool-count grep gate	pass	10s	https://github.com/alphaonedev/ai-memory-mcp/actions/runs/29683777543/job/88184468280	
Regenerate bench baseline (ubuntu-latest, median-of-3)	skipping	0	https://github.com/alphaonedev/ai-memory-mcp/actions/runs/29683777551/job/88184468465	
Refreshing checks status every 60 seconds. Press Ctrl+C to quit.

C8 caller-context allowlist check	pass	13s	https://github.com/alphaonedev/ai-memory-mcp/actions/runs/29683777541/job/88184468100	
Check (macos-latest)	pass	19m43s	https://github.com/alphaonedev/ai-memory-mcp/actions/runs/29683777545/job/88184737486	
Classify changes	pass	8s	https://github.com/alphaonedev/ai-memory-mcp/actions/runs/29683777545/job/88184487687	
Cloud-init ASCII gate	pass	7s	https://github.com/alphaonedev/ai-memory-mcp/actions/runs/29683777541/job/88184468102	
Coverage classify (docs-only short-circuit)	pass	9s	https://github.com/alphaonedev/ai-memory-mcp/actions/runs/29683777546/job/88184489633	
Cross-compile (aarch64-apple-ios)	pass	1m4s	https://github.com/alphaonedev/ai-memory-mcp/actions/runs/29683777545/job/88184737430	
Cross-compile (aarch64-linux-android)	pass	1m30s	https://github.com/alphaonedev/ai-memory-mcp/actions/runs/29683777545/job/88184737459	
Dockerfile build (no push)	pass	11m47s	https://github.com/alphaonedev/ai-memory-mcp/actions/runs/29683777545/job/88184737434	
Docs vs SSOT drift gate	pass	11s	https://github.com/alphaonedev/ai-memory-mcp/actions/runs/29683777541/job/88184468096	
Hardcoded-literal duplication ratchet (pm-v3.1)	pass	17s	https://github.com/alphaonedev/ai-memory-mcp/actions/runs/29683777541/job/88184468083	
L3-boundary perma-ban gate (§25.3 S5 / RQ-10	pass	6s	https://github.com/alphaonedev/ai-memory-mcp/actions/runs/29683777541/job/88184468089	
Lint (fmt + clippy)	pass	2m39s	https://github.com/alphaonedev/ai-memory-mcp/actions/runs/29683777545/job/88184737419	
MSRV (Rust 1.96)	pass	1m41s	https://github.com/alphaonedev/ai-memory-mcp/actions/runs/29683777545/job/88184737428	
Migration-ladder-uniqueness gate (guardrail-D)	pass	12s	https://github.com/alphaonedev/ai-memory-mcp/actions/runs/29683777541/job/88184468094	
Postgres feature gate	pass	26m28s	https://github.com/alphaonedev/ai-memory-mcp/actions/runs/29683777545/job/88184737406	
SAL-only feature gate	pass	22m13s	https://github.com/alphaonedev/ai-memory-mcp/actions/runs/29683777545/job/88184737410	
Test-env $HOME-lock gate (#2146)	pass	11s	https://github.com/alphaonedev/ai-memory-mcp/actions/runs/29683777541/job/88184468088	
Test-reachable stdin-read gate (#1989)	pass	22s	https://github.com/alphaonedev/ai-memory-mcp/actions/runs/29683777541/job/88184468078	
Vendor-monoculture + SECS_PER_* lint-gate (#1174 PR10)	pass	18s	https://github.com/alphaonedev/ai-memory-mcp/actions/runs/29683777541/job/88184468104	
actionlint (workflow-injection guard)	pass	14s	https://github.com/alphaonedev/ai-memory-mcp/actions/runs/29683777545/job/88184737438	
ai-memory bench (ubuntu-latest)	pass	10m24s	https://github.com/alphaonedev/ai-memory-mcp/actions/runs/29683777551/job/88184468203	
Check (ubuntu-latest)	pending	0	https://github.com/alphaonedev/ai-memory-mcp/actions/runs/29683777545/job/88184737476	
Check (windows-latest)	pending	0	https://github.com/alphaonedev/ai-memory-mcp/actions/runs/29683777545/job/88184737477	
Per-Module Coverage Thresholds	pending	0	https://github.com/alphaonedev/ai-memory-mcp/actions/runs/29683777546/job/88184526651	
tool-count grep gate	pass	10s	https://github.com/alphaonedev/ai-memory-mcp/actions/runs/29683777543/job/88184468280	
Regenerate bench baseline (ubuntu-latest, median-of-3)	skipping	0	https://github.com/alphaonedev/ai-memory-mcp/actions/runs/29683777551/job/88184468465	
Refreshing checks status every 60 seconds. Press Ctrl+C to quit.

C8 caller-context allowlist check	pass	13s	https://github.com/alphaonedev/ai-memory-mcp/actions/runs/29683777541/job/88184468100	
Check (macos-latest)	pass	19m43s	https://github.com/alphaonedev/ai-memory-mcp/actions/runs/29683777545/job/88184737486	
Classify changes	pass	8s	https://github.com/alphaonedev/ai-memory-mcp/actions/runs/29683777545/job/88184487687	
Cloud-init ASCII gate	pass	7s	https://github.com/alphaonedev/ai-memory-mcp/actions/runs/29683777541/job/88184468102	
Coverage classify (docs-only short-circuit)	pass	9s	https://github.com/alphaonedev/ai-memory-mcp/actions/runs/29683777546/job/88184489633	
Cross-compile (aarch64-apple-ios)	pass	1m4s	https://github.com/alphaonedev/ai-memory-mcp/actions/runs/29683777545/job/88184737430	
Cross-compile (aarch64-linux-android)	pass	1m30s	https://github.com/alphaonedev/ai-memory-mcp/actions/runs/29683777545/job/88184737459	
Dockerfile build (no push)	pass	11m47s	https://github.com/alphaonedev/ai-memory-mcp/actions/runs/29683777545/job/88184737434	
Docs vs SSOT drift gate	pass	11s	https://github.com/alphaonedev/ai-memory-mcp/actions/runs/29683777541/job/88184468096	
Hardcoded-literal duplication ratchet (pm-v3.1)	pass	17s	https://github.com/alphaonedev/ai-memory-mcp/actions/runs/29683777541/job/88184468083	
L3-boundary perma-ban gate (§25.3 S5 / RQ-10	pass	6s	https://github.com/alphaonedev/ai-memory-mcp/actions/runs/29683777541/job/88184468089	
Lint (fmt + clippy)	pass	2m39s	https://github.com/alphaonedev/ai-memory-mcp/actions/runs/29683777545/job/88184737419	
MSRV (Rust 1.96)	pass	1m41s	https://github.com/alphaonedev/ai-memory-mcp/actions/runs/29683777545/job/88184737428	
Migration-ladder-uniqueness gate (guardrail-D)	pass	12s	https://github.com/alphaonedev/ai-memory-mcp/actions/runs/29683777541/job/88184468094	
Postgres feature gate	pass	26m28s	https://github.com/alphaonedev/ai-memory-mcp/actions/runs/29683777545/job/88184737406	
SAL-only feature gate	pass	22m13s	https://github.com/alphaonedev/ai-memory-mcp/actions/runs/29683777545/job/88184737410	
Test-env $HOME-lock gate (#2146)	pass	11s	https://github.com/alphaonedev/ai-memory-mcp/actions/runs/29683777541/job/88184468088	
Test-reachable stdin-read gate (#1989)	pass	22s	https://github.com/alphaonedev/ai-memory-mcp/actions/runs/29683777541/job/88184468078	
Vendor-monoculture + SECS_PER_* lint-gate (#1174 PR10)	pass	18s	https://github.com/alphaonedev/ai-memory-mcp/actions/runs/29683777541/job/88184468104	
actionlint (workflow-injection guard)	pass	14s	https://github.com/alphaonedev/ai-memory-mcp/actions/runs/29683777545/job/88184737438	
ai-memory bench (ubuntu-latest)	pass	10m24s	https://github.com/alphaonedev/ai-memory-mcp/actions/runs/29683777551/job/88184468203	
Check (ubuntu-latest)	pending	0	https://github.com/alphaonedev/ai-memory-mcp/actions/runs/29683777545/job/88184737476	
Check (windows-latest)	pending	0	https://github.com/alphaonedev/ai-memory-mcp/actions/runs/29683777545/job/88184737477	
Per-Module Coverage Thresholds	pending	0	https://github.com/alphaonedev/ai-memory-mcp/actions/runs/29683777546/job/88184526651	
tool-count grep gate	pass	10s	https://github.com/alphaonedev/ai-memory-mcp/actions/runs/29683777543/job/88184468280	
Regenerate bench baseline (ubuntu-latest, median-of-3)	skipping	0	https://github.com/alphaonedev/ai-memory-mcp/actions/runs/29683777551/job/88184468465	
Refreshing checks status every 60 seconds. Press Ctrl+C to quit.

C8 caller-context allowlist check	pass	13s	https://github.com/alphaonedev/ai-memory-mcp/actions/runs/29683777541/job/88184468100	
Check (macos-latest)	pass	19m43s	https://github.com/alphaonedev/ai-memory-mcp/actions/runs/29683777545/job/88184737486	
Check (windows-latest)	pass	32m34s	https://github.com/alphaonedev/ai-memory-mcp/actions/runs/29683777545/job/88184737477	
Classify changes	pass	8s	https://github.com/alphaonedev/ai-memory-mcp/actions/runs/29683777545/job/88184487687	
Cloud-init ASCII gate	pass	7s	https://github.com/alphaonedev/ai-memory-mcp/actions/runs/29683777541/job/88184468102	
Coverage classify (docs-only short-circuit)	pass	9s	https://github.com/alphaonedev/ai-memory-mcp/actions/runs/29683777546/job/88184489633	
Cross-compile (aarch64-apple-ios)	pass	1m4s	https://github.com/alphaonedev/ai-memory-mcp/actions/runs/29683777545/job/88184737430	
Cross-compile (aarch64-linux-android)	pass	1m30s	https://github.com/alphaonedev/ai-memory-mcp/actions/runs/29683777545/job/88184737459	
Dockerfile build (no push)	pass	11m47s	https://github.com/alphaonedev/ai-memory-mcp/actions/runs/29683777545/job/88184737434	
Docs vs SSOT drift gate	pass	11s	https://github.com/alphaonedev/ai-memory-mcp/actions/runs/29683777541/job/88184468096	
Hardcoded-literal duplication ratchet (pm-v3.1)	pass	17s	https://github.com/alphaonedev/ai-memory-mcp/actions/runs/29683777541/job/88184468083	
L3-boundary perma-ban gate (§25.3 S5 / RQ-10	pass	6s	https://github.com/alphaonedev/ai-memory-mcp/actions/runs/29683777541/job/88184468089	
Lint (fmt + clippy)	pass	2m39s	https://github.com/alphaonedev/ai-memory-mcp/actions/runs/29683777545/job/88184737419	
MSRV (Rust 1.96)	pass	1m41s	https://github.com/alphaonedev/ai-memory-mcp/actions/runs/29683777545/job/88184737428	
Migration-ladder-uniqueness gate (guardrail-D)	pass	12s	https://github.com/alphaonedev/ai-memory-mcp/actions/runs/29683777541/job/88184468094	
Postgres feature gate	pass	26m28s	https://github.com/alphaonedev/ai-memory-mcp/actions/runs/29683777545/job/88184737406	
SAL-only feature gate	pass	22m13s	https://github.com/alphaonedev/ai-memory-mcp/actions/runs/29683777545/job/88184737410	
ai-memory bench (ubuntu-latest)	pass	10m24s	https://github.com/alphaonedev/ai-memory-mcp/actions/runs/29683777551/job/88184468203	
Per-Module Coverage Thresholds	pending	0	https://github.com/alphaonedev/ai-memory-mcp/actions/runs/29683777546/job/88184526651	
Test-env $HOME-lock gate (#2146)	pass	11s	https://github.com/alphaonedev/ai-memory-mcp/actions/runs/29683777541/job/88184468088	
Test-reachable stdin-read gate (#1989)	pass	22s	https://github.com/alphaonedev/ai-memory-mcp/actions/runs/29683777541/job/88184468078	
Vendor-monoculture + SECS_PER_* lint-gate (#1174 PR10)	pass	18s	https://github.com/alphaonedev/ai-memory-mcp/actions/runs/29683777541/job/88184468104	
actionlint (workflow-injection guard)	pass	14s	https://github.com/alphaonedev/ai-memory-mcp/actions/runs/29683777545/job/88184737438	
Check (ubuntu-latest)	pending	0	https://github.com/alphaonedev/ai-memory-mcp/actions/runs/29683777545/job/88184737476	
tool-count grep gate	pass	10s	https://github.com/alphaonedev/ai-memory-mcp/actions/runs/29683777543/job/88184468280	
Regenerate bench baseline (ubuntu-latest, median-of-3)	skipping	0	https://github.com/alphaonedev/ai-memory-mcp/actions/runs/29683777551/job/88184468465	
